slug,subject,year_group,mission_slug,lesson_slug,skill_slug,gcse_domain,difficulty_band,question_type,template,variable_schema_json,answer_expression,acceptable_answer_rules_json,hint_template,explanation_template,misconception_tags_json,source_style,calculator_allowed,is_active,sample_prompt,sample_answer,challenge_use
percent_out_of_100,maths,8-9,percentages,percent-as-out-of-100,percent-as-out-of-100,number,must,short_text,Write {p}% as a fraction out of 100.,"{""p"":[10,20,25,40,50,75]}",`${p}/100`,"{""normalise"": [""trim"", ""lowercase"", ""remove_spaces""], ""tolerance"": 0.01}",Think: percent means out of 100.,"{p}% means {p} out of 100, so it is {p}/100.","[""divide_by_100_error"", ""multiplier_error""]",gcse-style-original,false,true,10%,10/100,adaptive_challenge_mode
percent_to_decimal,maths,8-9,percentages,percent-to-decimal,percent-to-decimal,number,must,short_text,Write {p}% as a decimal.,"{""p"":[5,10,25,40,50,75]}",p/100,"{""normalise"": [""trim"", ""lowercase"", ""remove_spaces""], ""tolerance"": 0.01}",Divide by 100.,{p}% = {p} ÷ 100 = {answer}.,"[""divide_by_100_error"", ""multiplier_error""]",gcse-style-original,false,true,45%,0.45,adaptive_challenge_mode
decimal_to_percent,maths,8-9,percentages,decimal-to-percent,decimal-to-percent,number,must,short_text,Write {d} as a percentage.,"{""d"":[0.1,0.2,0.25,0.4,0.5,0.75]}",d*100,"{""normalise"": [""trim"", ""lowercase"", ""remove_spaces""], ""tolerance"": 0.01}",Multiply by 100.,"{d} × 100 = {answer}%, so {d} = {answer}%.","[""divide_by_100_error"", ""multiplier_error""]",gcse-style-original,false,true,0.25,25%,adaptive_challenge_mode
fraction_to_percent_common,maths,8-9,percentages,fraction-to-percent-common,fraction-to-percent-common,number,must,multiple_choice,Write {num}/{den} as a percentage.,"{""pairs"":[[1,2],[1,4],[3,4],[1,5],[2,5],[3,5]]}",num/den*100,"{""normalise"": [""trim"", ""lowercase"", ""remove_spaces""], ""tolerance"": 0.01}",Convert the fraction to hundredths.,{num}/{den} = {answer}%.,"[""divide_by_100_error"", ""multiplier_error""]",gcse-style-original,false,true,1/4,25%,adaptive_challenge_mode
ten_percent_method,maths,8-9,percentages,ten-percent-method,ten-percent-method,number,should,short_text,Find 10% of {amount}.,"{""amount"":[40,60,80,120,150,230]}",amount/10,"{""normalise"": [""trim"", ""lowercase"", ""remove_spaces""], ""tolerance"": 0.01}",10% means divide by 10.,10% of {amount} = {amount} ÷ 10 = {answer}.,"[""divide_by_100_error"", ""multiplier_error""]",gcse-style-original,false,true,10% of 80,8,adaptive_challenge_mode
five_percent_method,maths,8-9,percentages,five-percent-method,five-percent-method,number,should,short_text,Find 5% of {amount}.,"{""amount"":[40,60,80,120,150,200]}",amount/20,"{""normalise"": [""trim"", ""lowercase"", ""remove_spaces""], ""tolerance"": 0.01}",5% is half of 10%.,10% is {amount}/10. Half of that is 5%.,"[""divide_by_100_error"", ""multiplier_error""]",gcse-style-original,false,true,5% of 80,4,adaptive_challenge_mode
one_percent_method,maths,8-9,percentages,one-percent-method,one-percent-method,number,should,short_text,Find 1% of {amount}.,"{""amount"":[100,200,350,480,720]}",amount/100,"{""normalise"": [""trim"", ""lowercase"", ""remove_spaces""], ""tolerance"": 0.01}",1% means divide by 100.,1% of {amount} = {amount} ÷ 100 = {answer}.,"[""divide_by_100_error"", ""multiplier_error""]",gcse-style-original,false,true,1% of 350,3.5,adaptive_challenge_mode
percentage_of_amount,maths,8-9,percentages,percentage-of-amount,percentage-of-amount,number,should,short_text,Find {p}% of {amount}.,"{""p"":[15,20,25,30,40,60],""amount"":[40,60,80,120,150,200]}",p/100*amount,"{""normalise"": [""trim"", ""lowercase"", ""remove_spaces""], ""tolerance"": 0.01}",Turn the percentage into a decimal first.,{p}% = {p}/100. {p}/100 × {amount} = {answer}.,"[""divide_by_100_error"", ""multiplier_error""]",gcse-style-original,false,true,25% of 80,20,adaptive_challenge_mode
percentage_discount,maths,8-9,percentages,percentage-discount,percentage-discount,number,could,short_text,A jacket costs £{price}. It has {p}% off. What is the sale price?,"{""price"":[40,60,80,120,150],""p"":[10,15,20,25,30]}",price*(1-p/100),"{""normalise"": [""trim"", ""lowercase"", ""remove_spaces""], ""tolerance"": 0.01}","Find the discount, then subtract it.",The multiplier is 1 - {p}/100. Sale price = £{answer}.,"[""divide_by_100_error"", ""multiplier_error""]",gcse-style-original,false,true,£80 with 25% off,£60,adaptive_challenge_mode
percentage_increase_multiplier,maths,8-9,percentages,percentage-increase-multiplier,percentage-increase-multiplier,number,could,short_text,Increase {amount} by {p}%.,"{""amount"":[40,50,80,120,200],""p"":[10,15,20,25,40]}",amount*(1+p/100),"{""normalise"": [""trim"", ""lowercase"", ""remove_spaces""], ""tolerance"": 0.01}",Use 100% + increase %.,Multiplier = 1 + {p}/100. {amount} × multiplier = {answer}.,"[""divide_by_100_error"", ""multiplier_error""]",gcse-style-original,false,true,Increase 50 by 20%,60,adaptive_challenge_mode
percentage_decrease_multiplier,maths,8-9,percentages,percentage-decrease-multiplier,percentage-decrease-multiplier,number,could,short_text,Decrease {amount} by {p}%.,"{""amount"":[40,60,80,120,200],""p"":[10,15,20,25,40]}",amount*(1-p/100),"{""normalise"": [""trim"", ""lowercase"", ""remove_spaces""], ""tolerance"": 0.01}",Use 100% - decrease %.,Multiplier = 1 - {p}/100. {amount} × multiplier = {answer}.,"[""divide_by_100_error"", ""multiplier_error""]",gcse-style-original,false,true,Decrease 80 by 25%,60,adaptive_challenge_mode
reverse_percentage_original,maths,8-9,percentages,reverse-percentage-original,reverse-percentage-original,number,gcse_bridge,short_text,"After a {p}% increase, a price is £{new_price}. What was the original price?","{""p"":[10,20,25,50],""original"":[40,60,80,100,120]}",new_price/(1+p/100),"{""normalise"": [""trim"", ""lowercase"", ""remove_spaces""], ""tolerance"": 0.01}",The new price is more than 100% of the original.,Original = new price ÷ multiplier.,"[""divide_by_100_error"", ""multiplier_error""]",gcse-style-original,true,true,After 20% increase price is £60,£50,adaptive_challenge_mode
percentage_profit,maths,8-9,percentages,percentage-profit,percentage-profit,number,gcse_bridge,short_text,A toy is bought for £{cost} and sold for £{sale}. Work out the percentage profit.,"{""cost"":[20,40,50,80],""profit"":[5,10,20,25]}",(sale-cost)/cost*100,"{""normalise"": [""trim"", ""lowercase"", ""remove_spaces""], ""tolerance"": 0.01}",Profit percentage uses the original cost.,Profit = sale - cost. Percentage profit = profit ÷ cost × 100.,"[""divide_by_100_error"", ""multiplier_error""]",gcse-style-original,true,true,Bought £40 sold £50,25%,adaptive_challenge_mode
best_buy_percent,maths,8-9,percentages,best-buy-percent,best-buy-percent,number,gcse_bridge,multiple_choice,Shop A gives {a}% off £{priceA}. Shop B gives {b}% off £{priceB}. Which is cheaper?,"{""a"":[10,15,20],""b"":[10,20,25],""priceA"":[60,80,100],""priceB"":[65,85,105]}",compare discounted prices,"{""normalise"": [""trim"", ""lowercase"", ""remove_spaces""], ""tolerance"": 0.01}",Calculate both sale prices.,"Use price × (1 - discount/100) for each shop, then compare.","[""divide_by_100_error"", ""multiplier_error""]",gcse-style-original,true,true,"A:20% off £80, B:25% off £90",A (£64) cheaper,adaptive_challenge_mode
compound_percentage_intro,maths,8-9,percentages,compound-percentage-intro,compound-percentage-intro,number,gcse_bridge,short_text,A value of {start} increases by {p}% for 2 years. What is the value after 2 years?,"{""start"":[100,200,500],""p"":[5,10,20]}",start*(1+p/100)**2,"{""normalise"": [""trim"", ""lowercase"", ""remove_spaces""], ""tolerance"": 0.01}",Apply the multiplier twice.,Compound increase means multiply by the same multiplier each year.,"[""divide_by_100_error"", ""multiplier_error""]",gcse-style-original,true,true,100 increases by 10% for 2 years,121,adaptive_challenge_mode
ratio-proportion-simplify_ratio-must,maths,8-9,ratio-proportion,simplify-ratio,simplify_ratio,number,must,short_text,Simplify the ratio {a}:{b}.,"{""pairs"":[[4,6],[6,9],[8,12],[10,15],[12,18]]}",simplified ratio,"{""normalise"": [""trim"", ""lowercase"", ""remove_spaces""], ""tolerance"": 0.01}",Divide both parts by the highest common factor.,Divide both sides by the same number to keep the comparison equal.,"[""ratio_total_parts_error""]",gcse-style-original,false,true,Simplify 6:9,2:3,adaptive_challenge_mode
ratio-proportion-equivalent_ratio-must,maths,8-9,ratio-proportion,equivalent-ratio,equivalent_ratio,number,must,short_text,Complete the equivalent ratio: {a}:{b} = {ka}:__,"{""a"":[2,3,4,5],""b"":[3,4,5,6],""k"":[2,3,4]}",b*k,"{""normalise"": [""trim"", ""lowercase"", ""remove_spaces""], ""tolerance"": 0.01}",Find the scale factor.,Both parts of a ratio are multiplied by the same number.,"[""ratio_total_parts_error""]",gcse-style-original,false,true,2:3 = 8:__,12,adaptive_challenge_mode
ratio-proportion-ratio_total_parts-must,maths,8-9,ratio-proportion,ratio-total-parts,ratio_total_parts,number,must,short_text,A ratio is {a}:{b}. How many parts are there altogether?,"{""a"":[1,2,3,4,5],""b"":[2,3,4,5,6]}",a+b,"{""normalise"": [""trim"", ""lowercase"", ""remove_spaces""], ""tolerance"": 0.01}",Add the parts.,Total parts = {a} + {b}.,"[""ratio_total_parts_error""]",gcse-style-original,false,true,Ratio 2:3 total parts,5,adaptive_challenge_mode
ratio-proportion-share_ratio_total-should,maths,8-9,ratio-proportion,share-ratio-total,share_ratio_total,number,should,short_text,Share £{total} in the ratio {a}:{b}. What is the larger share?,"{""a"":[1,2,3,4],""b"":[2,3,5,7],""unit"":[5,10,20]}","max(a,b)*unit","{""normalise"": [""trim"", ""lowercase"", ""remove_spaces""], ""tolerance"": 0.01}",Find one part first.,"Add the parts, divide the total by total parts, then multiply.","[""ratio_total_parts_error""]",gcse-style-original,false,true,Share £50 in 2:3 larger share,£30,adaptive_challenge_mode
ratio-proportion-share_ratio_three_parts-should,maths,8-9,ratio-proportion,share-ratio-three-parts,share_ratio_three_parts,number,should,short_text,Share {total} sweets in the ratio {a}:{b}:{c}. What does the middle person get?,"{""a"":[1,2,3],""b"":[2,3,4],""c"":[3,4,5],""unit"":[3,5,10]}",b*unit,"{""normalise"": [""trim"", ""lowercase"", ""remove_spaces""], ""tolerance"": 0.01}","Add all parts, then find one part.",Middle share = {b} parts.,"[""ratio_total_parts_error""]",gcse-style-original,false,true,Share 45 in 2:3:4 middle share,15,adaptive_challenge_mode
ratio-proportion-ratio_missing_part-should,maths,8-9,ratio-proportion,ratio-missing-part,ratio_missing_part,number,should,short_text,The ratio red:blue is {a}:{b}. There are {red} red counters. How many blue counters are there?,"{""a"":[2,3,4,5],""b"":[3,4,5,7],""k"":[4,5,6]}",b*k,"{""normalise"": [""trim"", ""lowercase"", ""remove_spaces""], ""tolerance"": 0.01}",Find the multiplier from red counters.,"If {a} parts = {red}, then one part = {red}/{a}.","[""ratio_total_parts_error""]",gcse-style-original,false,true,"Ratio 2:3, red=10",15,adaptive_challenge_mode
ratio-proportion-ratio_difference_given-could,maths,8-9,ratio-proportion,ratio-difference-given,ratio_difference_given,number,could,short_text,The ratio cats:dogs is {a}:{b}. There are {diff} more dogs than cats. How many dogs are there?,"{""a"":[2,3,4],""b"":[5,7,9],""unit"":[4,5,6]}",b*unit,"{""normalise"": [""trim"", ""lowercase"", ""remove_spaces""], ""tolerance"": 0.01}",The difference in parts matches the difference in animals.,"{b}-{a} parts = {diff}, so find one part then dogs.","[""ratio_total_parts_error""]",gcse-style-original,false,true,"Cats:dogs 3:5, 12 more dogs",30,adaptive_challenge_mode
ratio-proportion-ratio_recipe_scale_up-should,maths,8-9,ratio-proportion,ratio-recipe-scale-up,ratio_recipe_scale_up,number,should,short_text,A recipe uses {a} cups of flour for {b} cups of sugar. How much sugar is needed for {flour} cups of flour?,"{""a"":[2,3,4],""b"":[1,2,3],""k"":[2,3,4]}",b*k,"{""normalise"": [""trim"", ""lowercase"", ""remove_spaces""], ""tolerance"": 0.01}",Scale both quantities by the same factor.,"Find how many times bigger the flour amount is, then scale sugar.","[""ratio_total_parts_error""]",gcse-style-original,false,true,"2 flour:1 sugar, 8 flour",4 cups,adaptive_challenge_mode
ratio-proportion-unit_rate-should,maths,8-9,ratio-proportion,unit-rate,unit_rate,number,should,short_text,{items} notebooks cost £{cost}. What is the cost of 1 notebook?,"{""items"":[3,4,5,6],""unit"":[2,3,4]}",unit,"{""normalise"": [""trim"", ""lowercase"", ""remove_spaces""], ""tolerance"": 0.01}",Divide total cost by number of items.,Unit rate means cost per one item.,[],gcse-style-original,false,true,4 notebooks cost £12,£3,adaptive_challenge_mode
ratio-proportion-best_value_ratio-gcse_bridge,maths,8-9,ratio-proportion,best-value-ratio,best_value_ratio,number,gcse_bridge,multiple_choice,Pack A has {a_items} for £{a_cost}. Pack B has {b_items} for £{b_cost}. Which is better value?,"{""a_items"":[4,5,6],""b_items"":[6,8,10],""unitA"":[2,3],""unitB"":[2,3]}",compare unit rates,"{""normalise"": [""trim"", ""lowercase"", ""remove_spaces""], ""tolerance"": 0.01}",Compare cost per item.,Divide price by quantity for each pack. Lower unit price is better.,"[""ratio_total_parts_error""]",gcse-style-original,true,true,"A 4 for £8, B 6 for £9",B,adaptive_challenge_mode
ratio-proportion-direct_proportion_table-could,maths,8-9,ratio-proportion,direct-proportion-table,direct_proportion_table,number,could,short_text,"y is directly proportional to x. When x = {x1}, y = {y1}. Find y when x = {x2}.","{""x1"":[2,3,4,5],""k"":[3,4,5],""x2"":[6,8,10,12]}",k*x2,"{""normalise"": [""trim"", ""lowercase"", ""remove_spaces""], ""tolerance"": 0.01}",Find the multiplier k.,Direct proportion means y = kx.,[],gcse-style-original,false,true,"x=3,y=12. Find y when x=8",32,adaptive_challenge_mode
ratio-proportion-scale_drawing-could,maths,8-9,ratio-proportion,scale-drawing,scale_drawing,number,could,short_text,A map scale is 1 cm : {scale} km. Two towns are {cm} cm apart on the map. How far apart are they in real life?,"{""scale"":[2,5,10],""cm"":[3,4,6,8]}",scale*cm,"{""normalise"": [""trim"", ""lowercase"", ""remove_spaces""], ""tolerance"": 0.01}",Multiply by the scale.,Each centimetre represents {scale} km.,[],gcse-style-original,false,true,"Scale 1cm:5km, 6cm",30 km,adaptive_challenge_mode
ratio-proportion-ratio_with_percent-gcse_bridge,maths,8-9,ratio-proportion,ratio-with-percent,ratio_with_percent,number,gcse_bridge,short_text,A class has boys:girls in the ratio {a}:{b}. What percentage of the class are girls?,"{""a"":[2,3,4],""b"":[3,5,6]}",b/(a+b)*100,"{""normalise"": [""trim"", ""lowercase"", ""remove_spaces""], ""tolerance"": 0.01}",Girls are part of the total.,Total parts = {a}+{b}. Girl fraction = {b}/total.,"[""divide_by_100_error"", ""multiplier_error""]",gcse-style-original,true,true,Boys:girls 2:3,60%,adaptive_challenge_mode
ratio-proportion-multi_step_ratio_total-gcse_bridge,maths,8-9,ratio-proportion,multi-step-ratio-total,multi_step_ratio_total,number,gcse_bridge,short_text,"Ali, Ben and Cara share money in the ratio {a}:{b}:{c}. Cara gets £{cara}. How much money is shared altogether?","{""a"":[1,2,3],""b"":[2,3,4],""c"":[4,5,6],""unit"":[5,10,20]}",(a+b+c)*unit,"{""normalise"": [""trim"", ""lowercase"", ""remove_spaces""], ""tolerance"": 0.01}",Use Cara to find one part.,"Cara has {c} parts. Divide Cara amount by {c}, then multiply by total parts.","[""ratio_total_parts_error""]",gcse-style-original,true,true,"1:2:5, Cara £50",£80,adaptive_challenge_mode
ratio-proportion-inverse_proportion_intro-gcse_bridge,maths,8-9,ratio-proportion,inverse-proportion-intro,inverse_proportion_intro,number,gcse_bridge,short_text,{workers} workers take {days} days to finish a job. How long would {new_workers} workers take at the same rate?,"{""workers"":[2,3,4],""days"":[6,8,12],""new_workers"":[4,6,8]}",workers*days/new_workers,"{""normalise"": [""trim"", ""lowercase"", ""remove_spaces""], ""tolerance"": 0.01}",More workers means fewer days.,Total worker-days stays the same.,[],gcse-style-original,true,true,4 workers take 6 days. 8 workers?,3 days,adaptive_challenge_mode
straight-line-graphs-read_coordinates-must,maths,8-9,straight-line-graphs,read-coordinates,read_coordinates,algebra,must,short_text,What are the coordinates of point A if it is {x} across and {y} up?,"{""x"":[1,2,3,4,5],""y"":[1,2,3,4,5]}","`(${x}, ${y})`","{""normalise"": [""trim"", ""lowercase"", ""remove_spaces""], ""tolerance"": 0.01}","Coordinates are written (x, y).","Go across first, then up/down.",[],gcse-style-original,false,true,"3 across, 4 up","(3,4)",adaptive_challenge_mode
straight-line-graphs-plot_coordinates-must,maths,8-9,straight-line-graphs,plot-coordinates,plot_coordinates,algebra,must,multiple_choice,"Which point is at ({x}, {y})?","{""x"":[-2,-1,1,2,3],""y"":[-3,-1,1,2,4]}",matching coordinate,"{""normalise"": [""trim"", ""lowercase"", ""remove_spaces""], ""tolerance"": 0.01}","Remember x first, y second.",The first number tells horizontal position; second tells vertical.,[],gcse-style-original,false,true,"Point (2,-3)","x=2,y=-3",adaptive_challenge_mode
straight-line-graphs-gradient_counting-must,maths,8-9,straight-line-graphs,gradient-counting,gradient_counting,algebra,must,short_text,A line goes up {rise} and across {run}. What is its gradient?,"{""rise"":[1,2,3,4,6],""run"":[1,2,3]}",rise/run,"{""normalise"": [""trim"", ""lowercase"", ""remove_spaces""], ""tolerance"": 0.01}",Gradient = rise ÷ run.,Gradient tells steepness: up divided by across.,[],gcse-style-original,false,true,"Up 4, across 2",2,adaptive_challenge_mode
straight-line-graphs-gradient_negative-should,maths,8-9,straight-line-graphs,gradient-negative,gradient_negative,algebra,should,short_text,A line goes down {fall} and across {run}. What is its gradient?,"{""fall"":[1,2,3,4],""run"":[1,2,4]}",-fall/run,"{""normalise"": [""trim"", ""lowercase"", ""remove_spaces""], ""tolerance"": 0.01}",A line going down has negative gradient.,Gradient is negative because the line slopes down left to right.,[],gcse-style-original,false,true,"Down 3, across 1",-3,adaptive_challenge_mode
straight-line-graphs-y_intercept_from_equation-must,maths,8-9,straight-line-graphs,y-intercept-from-equation,y_intercept_from_equation,algebra,must,short_text,What is the y-intercept of y = {m}x + {c}?,"{""m"":[1,2,3,4,-1,-2],""c"":[1,2,3,4,5,-2]}",c,"{""normalise"": [""trim"", ""lowercase"", ""remove_spaces""], ""tolerance"": 0.01}","In y = mx + c, c is the y-intercept.",The line crosses the y-axis at c.,[],gcse-style-original,false,true,y=4x+3,3,adaptive_challenge_mode
straight-line-graphs-gradient_from_equation-should,maths,8-9,straight-line-graphs,gradient-from-equation,gradient_from_equation,algebra,should,short_text,What is the gradient of y = {m}x + {c}?,"{""m"":[1,2,3,4,-1,-2],""c"":[1,2,3,4]}",m,"{""normalise"": [""trim"", ""lowercase"", ""remove_spaces""], ""tolerance"": 0.01}","In y = mx + c, m is the gradient.",The coefficient of x is the gradient.,[],gcse-style-original,false,true,y=2x+5,2,adaptive_challenge_mode
straight-line-graphs-complete_table_linear-should,maths,8-9,straight-line-graphs,complete-table-linear,complete_table_linear,algebra,should,short_text,"For y = {m}x + {c}, find y when x = {x}.","{""m"":[2,3,4,-1],""c"":[1,2,3,5],""x"":[0,1,2,3]}",m*x+c,"{""normalise"": [""trim"", ""lowercase"", ""remove_spaces""], ""tolerance"": 0.01}",Substitute x into the equation.,"Replace x with {x}, then calculate.",[],gcse-style-original,false,true,"y=2x+3, x=4",11,adaptive_challenge_mode
straight-line-graphs-identify_equation_from_gradient_intercept-could,maths,8-9,straight-line-graphs,identify-equation-from-gradient-intercept,identify_equation_from_gradient_intercept,algebra,could,short_text,A line has gradient {m} and y-intercept {c}. Write its equation.,"{""m"":[1,2,3,-1,-2],""c"":[1,2,3,4,-3]}",`y = ${m}x + ${c}`,"{""normalise"": [""trim"", ""lowercase"", ""remove_spaces""], ""tolerance"": 0.01}",Use y = mx + c.,Put the gradient in place of m and intercept in place of c.,[],gcse-style-original,false,true,"gradient 2, intercept 3",y=2x+3,adaptive_challenge_mode
straight-line-graphs-parallel_lines_gradient-could,maths,8-9,straight-line-graphs,parallel-lines-gradient,parallel_lines_gradient,algebra,could,short_text,A line is parallel to y = {m}x + {c}. What is its gradient?,"{""m"":[1,2,3,-1,-2],""c"":[1,2,3,4]}",m,"{""normalise"": [""trim"", ""lowercase"", ""remove_spaces""], ""tolerance"": 0.01}",Parallel lines have the same gradient.,Same steepness means same gradient.,[],gcse-style-original,false,true,Parallel to y=3x+2,3,adaptive_challenge_mode
straight-line-graphs-gradient_between_points-could,maths,8-9,straight-line-graphs,gradient-between-points,gradient_between_points,algebra,could,short_text,"Find the gradient between ({x1},{y1}) and ({x2},{y2}).","{""x1"":[0,1,2],""y1"":[1,2,3],""dx"":[1,2,3,4],""dy"":[2,4,6,8]}",dy/dx,"{""normalise"": [""trim"", ""lowercase"", ""remove_spaces""], ""tolerance"": 0.01}",Gradient = change in y ÷ change in x.,Find rise over run between the two points.,[],gcse-style-original,false,true,"(1,2) to (3,6)",2,adaptive_challenge_mode
straight-line-graphs-distance_time_reading-must,maths,8-9,straight-line-graphs,distance-time-reading,distance_time_reading,algebra,must,short_text,"On a distance-time graph, the distance at {time} minutes is {dist} m. How far has the person travelled?","{""time"":[10,15,20,30],""dist"":[500,1000,1500,2000]}",dist,"{""normalise"": [""trim"", ""lowercase"", ""remove_spaces""], ""tolerance"": 0.01}",Read the vertical value.,Distance is read from the y-axis.,[],gcse-style-original,false,true,At 20 min graph shows 1500m,1500 m,adaptive_challenge_mode
straight-line-graphs-distance_time_stop-should,maths,8-9,straight-line-graphs,distance-time-stop,distance_time_stop,algebra,should,short_text,"On a distance-time graph, a horizontal line lasts from {t1} to {t2} minutes. How long was the stop?","{""t1"":[10,20,30],""duration"":[5,10,15,20]}",duration,"{""normalise"": [""trim"", ""lowercase"", ""remove_spaces""], ""tolerance"": 0.01}",Horizontal means no change in distance.,Stop time is the difference between times.,[],gcse-style-original,false,true,Horizontal from 20 to 35 min,15 minutes,adaptive_challenge_mode
straight-line-graphs-distance_time_speed-could,maths,8-9,straight-line-graphs,distance-time-speed,distance_time_speed,algebra,could,short_text,A cyclist travels {dist} km in {time} hours. Find the average speed in km/h.,"{""dist"":[6,8,12,15],""time"":[0.5,1,1.5,2]}",dist/time,"{""normalise"": [""trim"", ""lowercase"", ""remove_spaces""], ""tolerance"": 0.01}",Speed = distance ÷ time.,Divide kilometres by hours.,[],gcse-style-original,false,true,12 km in 1.5 hours,8 km/h,adaptive_challenge_mode
straight-line-graphs-distance_time_return_journey-gcse_bridge,maths,8-9,straight-line-graphs,distance-time-return-journey,distance_time_return_journey,algebra,gcse_bridge,short_text,"A runner goes {dist} km from home in {out_time} minutes, rests for {rest} minutes, then returns in {back_time} minutes. How long is the whole journey?","{""dist"":[2,3,4],""out_time"":[20,30,40],""rest"":[10,15,20],""back_time"":[20,25,30]}",out_time+rest+back_time,"{""normalise"": [""trim"", ""lowercase"", ""remove_spaces""], ""tolerance"": 0.01}",Add travel and rest times.,"Whole journey includes outward time, rest time and return time.",[],gcse-style-original,true,true,"30 min out, 15 rest, 25 back",70 minutes,adaptive_challenge_mode
straight-line-graphs-line_graph_context-gcse_bridge,maths,8-9,straight-line-graphs,line-graph-context,line_graph_context,algebra,gcse_bridge,short_text,"A taxi fare is y = {m}x + {c}, where x is miles. What is the fare for {x} miles?","{""m"":[2,3,4],""c"":[3,4,5],""x"":[4,6,8]}",m*x+c,"{""normalise"": [""trim"", ""lowercase"", ""remove_spaces""], ""tolerance"": 0.01}",Substitute miles into x.,Calculate fixed charge plus cost per mile.,[],gcse-style-original,true,true,y=3x+4 for 6 miles,£22,adaptive_challenge_mode
probability-probability_scale-must,maths,8-9,probability,probability-scale,probability_scale,statistics_probability,must,multiple_choice,Which probability means impossible?,{},0,"{""normalise"": [""trim"", ""lowercase"", ""remove_spaces""], ""tolerance"": 0.01}",Impossible has probability 0.,The probability scale runs from 0 to 1.,[],gcse-style-original,false,true,Impossible probability,0,adaptive_challenge_mode
probability-simple_probability-must,maths,8-9,probability,simple-probability,simple_probability,statistics_probability,must,short_text,A bag has {red} red counters and {blue} blue counters. What is P(red)?,"{""red"":[1,2,3,4],""blue"":[2,3,4,5]}",red/(red+blue),"{""normalise"": [""trim"", ""lowercase"", ""remove_spaces""], ""tolerance"": 0.01}",Probability = wanted outcomes ÷ total outcomes.,"Add counters, then put red over total.",[],gcse-style-original,false,true,"2 red, 3 blue",2/5,adaptive_challenge_mode
probability-probability_complement-should,maths,8-9,probability,probability-complement,probability_complement,statistics_probability,should,short_text,The probability of rain is {p}. What is the probability it does not rain?,"{""p"":[0.1,0.2,0.25,0.4,0.6]}",1-p,"{""normalise"": [""trim"", ""lowercase"", ""remove_spaces""], ""tolerance"": 0.01}",Probabilities for all outcomes add to 1.,Not rain = 1 - rain probability.,[],gcse-style-original,false,true,P(rain)=0.3,0.7,adaptive_challenge_mode
probability-expected_frequency-should,maths,8-9,probability,expected-frequency,expected_frequency,statistics_probability,should,short_text,"The probability of winning is {num}/{den}. If {trials} people play, how many are expected to win?","{""num"":[1,2,3],""den"":[4,5,10],""trials"":[40,50,100,200]}",trials*num/den,"{""normalise"": [""trim"", ""lowercase"", ""remove_spaces""], ""tolerance"": 0.01}",Expected frequency = probability × number of trials.,Multiply the probability by the number of people.,[],gcse-style-original,false,true,"P=1/4, 80 plays",20,adaptive_challenge_mode
probability-spinner_probability-must,maths,8-9,probability,spinner-probability,spinner_probability,statistics_probability,must,short_text,A spinner has {total} equal sections and {win} are green. What is P(green)?,"{""total"":[4,5,6,8,10],""win"":[1,2,3]}",win/total,"{""normalise"": [""trim"", ""lowercase"", ""remove_spaces""], ""tolerance"": 0.01}",Green sections over total sections.,All sections are equally likely.,[],gcse-style-original,false,true,"8 sections, 2 green",1/4,adaptive_challenge_mode
probability-dice_probability-should,maths,8-9,probability,dice-probability,dice_probability,statistics_probability,should,short_text,A fair dice is rolled. What is the probability of rolling a number greater than {n}?,"{""n"":[2,3,4,5]}",(6-n)/6,"{""normalise"": [""trim"", ""lowercase"", ""remove_spaces""], ""tolerance"": 0.01}",Count the successful outcomes.,Numbers greater than {n} are counted out of 6.,[],gcse-style-original,false,true,greater than 4,2/6 = 1/3,adaptive_challenge_mode
probability-cards_probability-should,maths,8-9,probability,cards-probability,cards_probability,statistics_probability,should,short_text,A card is chosen from numbers 1 to {n}. What is the probability of choosing an even number?,"{""n"":[6,8,10,12]}",floor(n/2)/n,"{""normalise"": [""trim"", ""lowercase"", ""remove_spaces""], ""tolerance"": 0.01}",Count the even numbers.,Even outcomes divided by total outcomes.,[],gcse-style-original,false,true,1 to 10 even,5/10 = 1/2,adaptive_challenge_mode
probability-sample_space_two_dice-could,maths,8-9,probability,sample-space-two-dice,sample_space_two_dice,statistics_probability,could,short_text,Two fair coins are flipped. What is the probability of getting two heads?,{},1/4,"{""normalise"": [""trim"", ""lowercase"", ""remove_spaces""], ""tolerance"": 0.01}",List the four outcomes.,"HH, HT, TH, TT are equally likely.",[],gcse-style-original,false,true,two heads from two coins,1/4,adaptive_challenge_mode
probability-probability_table_missing-could,maths,8-9,probability,probability-table-missing,probability_table_missing,statistics_probability,could,short_text,"A probability table has P(red)={r}, P(blue)={b}. The only other colour is green. Find P(green).","{""r"":[0.2,0.25,0.3],""b"":[0.3,0.4,0.5]}",1-r-b,"{""normalise"": [""trim"", ""lowercase"", ""remove_spaces""], ""tolerance"": 0.01}",The probabilities must add to 1.,Subtract known probabilities from 1.,[],gcse-style-original,false,true,"P(red)=0.2, P(blue)=0.5",0.3,adaptive_challenge_mode
probability-experimental_probability-could,maths,8-9,probability,experimental-probability,experimental_probability,statistics_probability,could,short_text,A spinner lands on blue {blue} times in {trials} spins. Estimate P(blue).,"{""blue"":[12,18,25,40],""trials"":[50,60,100,200]}",blue/trials,"{""normalise"": [""trim"", ""lowercase"", ""remove_spaces""], ""tolerance"": 0.01}",Experimental probability = frequency ÷ trials.,Use results from the experiment.,[],gcse-style-original,false,true,25 blue in 100 spins,0.25,adaptive_challenge_mode
probability-two_way_table_probability-gcse_bridge,maths,8-9,probability,two-way-table-probability,two_way_table_probability,statistics_probability,gcse_bridge,short_text,"In a class, {girls} girls and {boys} boys choose art. There are {total} students. What is the probability a randomly chosen student chose art?","{""girls"":[5,8,10],""boys"":[4,6,8],""extra"":[10,12,15]}",(girls+boys)/total,"{""normalise"": [""trim"", ""lowercase"", ""remove_spaces""], ""tolerance"": 0.01}",Total choosing art over class total.,Add girls and boys who chose art.,[],gcse-style-original,true,true,"8 girls + 6 boys chose art, total 28",14/28 = 1/2,adaptive_challenge_mode
probability-frequency_tree_intro-gcse_bridge,maths,8-9,probability,frequency-tree-intro,frequency_tree_intro,statistics_probability,gcse_bridge,short_text,A group has {total} students. {a} are boys. {pass_boys} boys passed a test and {pass_girls} girls passed. How many students passed?,"{""total"":[30,40,50],""a"":[12,18,20],""pass_boys"":[8,10,12],""pass_girls"":[9,12,15]}",pass_boys+pass_girls,"{""normalise"": [""trim"", ""lowercase"", ""remove_spaces""], ""tolerance"": 0.01}",Add passed boys and passed girls.,Frequency trees split totals into branches.,[],gcse-style-original,true,true,"10 boys passed, 12 girls passed",22,adaptive_challenge_mode
probability-tree_diagram_intro-gcse_bridge,maths,8-9,probability,tree-diagram-intro,tree_diagram_intro,statistics_probability,gcse_bridge,short_text,A bag has {red} red and {blue} blue counters. One counter is replaced after choosing. What is P(red then red)?,"{""red"":[2,3,4],""blue"":[3,4,5]}",(red/(red+blue))**2,"{""normalise"": [""trim"", ""lowercase"", ""remove_spaces""], ""tolerance"": 0.01}","With replacement, probabilities stay the same.",Multiply P(red) by P(red).,[],gcse-style-original,true,true,"2 red, 3 blue, replace",4/25,adaptive_challenge_mode
probability-combined_events_intro-gcse_bridge,maths,8-9,probability,combined-events-intro,combined_events_intro,statistics_probability,gcse_bridge,short_text,A coin is flipped and a dice is rolled. What is the probability of heads and a 6?,{},1/12,"{""normalise"": [""trim"", ""lowercase"", ""remove_spaces""], ""tolerance"": 0.01}",Multiply independent probabilities.,P(heads)=1/2 and P(6)=1/6.,[],gcse-style-original,true,true,coin heads and dice 6,1/12,adaptive_challenge_mode
probability-probability_reasoning-gcse_bridge,maths,8-9,probability,probability-reasoning,probability_reasoning,statistics_probability,gcse_bridge,multiple_choice,A probability is written as {bad}. Why is this impossible?,"{""bad"":[1.2,-0.1,""5/4"",""-2/3""]}",outside 0 to 1,"{""normalise"": [""trim"", ""lowercase"", ""remove_spaces""], ""tolerance"": 0.01}",Probabilities must be between 0 and 1.,No probability can be less than 0 or greater than 1.,[],gcse-style-original,true,true,P=1.2,Greater than 1,adaptive_challenge_mode
number-skills-round_nearest_10-must,maths,8-9,number-skills,round-nearest-10,round_nearest_10,number,must,short_text,Round {n} to the nearest 10.,"{""n"":[23,47,62,85,138,249]}",round10(n),"{""normalise"": [""trim"", ""lowercase"", ""remove_spaces""], ""tolerance"": 0.01}",Look at the ones digit.,0-4 rounds down; 5-9 rounds up.,[],gcse-style-original,false,true,47 nearest 10,50,adaptive_challenge_mode
number-skills-round_nearest_100-must,maths,8-9,number-skills,round-nearest-100,round_nearest_100,number,must,short_text,Round {n} to the nearest 100.,"{""n"":[149,251,376,650,849,1250]}",round100(n),"{""normalise"": [""trim"", ""lowercase"", ""remove_spaces""], ""tolerance"": 0.01}",Look at the tens digit.,"If the tens digit is 5 or more, round up.",[],gcse-style-original,false,true,376 nearest 100,400,adaptive_challenge_mode
number-skills-factors_list-must,maths,8-9,number-skills,factors-list,factors_list,number,must,short_text,Write one factor of {n} greater than 1.,"{""n"":[12,18,24,30,36]}",any factor,"{""normalise"": [""trim"", ""lowercase"", ""remove_spaces""], ""tolerance"": 0.01}",A factor divides exactly.,Factors divide a number with no remainder.,[],gcse-style-original,false,true,factor of 24,"2,3,4,6,8,12",adaptive_challenge_mode
number-skills-multiples-must,maths,8-9,number-skills,multiples,multiples,number,must,short_text,Write the first three multiples of {n}.,"{""n"":[3,4,5,6,7,8]}","n,2n,3n","{""normalise"": [""trim"", ""lowercase"", ""remove_spaces""], ""tolerance"": 0.01}",Multiples are times table answers.,"Multiply by 1, 2 and 3.",[],gcse-style-original,false,true,first three multiples of 6,"6,12,18",adaptive_challenge_mode
number-skills-hcf-should,maths,8-9,number-skills,hcf,hcf,number,should,short_text,Find the HCF of {a} and {b}.,"{""pairs"":[[12,18],[20,30],[24,36],[28,42]]}",hcf,"{""normalise"": [""trim"", ""lowercase"", ""remove_spaces""], ""tolerance"": 0.01}",List common factors.,The HCF is the highest common factor.,[],gcse-style-original,false,true,HCF 24 and 36,12,adaptive_challenge_mode
number-skills-lcm-should,maths,8-9,number-skills,lcm,lcm,number,should,short_text,Find the LCM of {a} and {b}.,"{""pairs"":[[3,4],[4,6],[5,6],[6,8]]}",lcm,"{""normalise"": [""trim"", ""lowercase"", ""remove_spaces""], ""tolerance"": 0.01}",List multiples until they match.,The LCM is the lowest common multiple.,[],gcse-style-original,false,true,LCM 4 and 6,12,adaptive_challenge_mode
number-skills-prime_numbers-must,maths,8-9,number-skills,prime-numbers,prime_numbers,number,must,multiple_choice,Is {n} prime?,"{""n"":[2,3,5,7,11,15,21,27]}",isPrime(n),"{""normalise"": [""trim"", ""lowercase"", ""remove_spaces""], ""tolerance"": 0.01}",Prime means exactly two factors.,A prime number has only 1 and itself as factors.,[],gcse-style-original,false,true,Is 15 prime?,No,adaptive_challenge_mode
number-skills-square_numbers-must,maths,8-9,number-skills,square-numbers,square_numbers,number,must,short_text,What is {n} squared?,"{""n"":[2,3,4,5,6,7,8,9,10,12]}",n*n,"{""normalise"": [""trim"", ""lowercase"", ""remove_spaces""], ""tolerance"": 0.01}",Squared means multiplied by itself.,{n}² = {n} × {n}.,[],gcse-style-original,false,true,7 squared,49,adaptive_challenge_mode
number-skills-cube_numbers-should,maths,8-9,number-skills,cube-numbers,cube_numbers,number,should,short_text,What is {n} cubed?,"{""n"":[2,3,4,5]}",n**3,"{""normalise"": [""trim"", ""lowercase"", ""remove_spaces""], ""tolerance"": 0.01}",Cubed means multiply by itself three times.,{n}³ = {n} × {n} × {n}.,[],gcse-style-original,false,true,4 cubed,64,adaptive_challenge_mode
number-skills-negative_add-should,maths,8-9,number-skills,negative-add,negative_add,number,should,short_text,Calculate {a} + ({b}).,"{""a"":[-8,-5,-3,4,7],""b"":[-6,-2,3,5]}",a+b,"{""normalise"": [""trim"", ""lowercase"", ""remove_spaces""], ""tolerance"": 0.01}",Use a number line.,"Move right for positive, left for negative.",[],gcse-style-original,false,true,-5 + -3,-8,adaptive_challenge_mode
number-skills-negative_subtract-should,maths,8-9,number-skills,negative-subtract,negative_subtract,number,should,short_text,Calculate {a} - ({b}).,"{""a"":[-8,-5,3,7],""b"":[-4,-2,5]}",a-b,"{""normalise"": [""trim"", ""lowercase"", ""remove_spaces""], ""tolerance"": 0.01}",Subtracting a negative means adding.,Careful with double negatives.,[],gcse-style-original,false,true,3 - (-4),7,adaptive_challenge_mode
number-skills-bidmas_basic-should,maths,8-9,number-skills,bidmas-basic,bidmas_basic,number,should,short_text,Calculate {a} + {b} × {c}.,"{""a"":[2,3,4,5],""b"":[2,3,4],""c"":[5,6,7]}",a+b*c,"{""normalise"": [""trim"", ""lowercase"", ""remove_spaces""], ""tolerance"": 0.01}",Multiplication before addition.,Use BIDMAS order.,[],gcse-style-original,false,true,3 + 4 × 5,23,adaptive_challenge_mode
number-skills-estimation-could,maths,8-9,number-skills,estimation,estimation,number,could,short_text,Estimate {a} × {b} by rounding both numbers to 1 significant figure.,"{""a"":[48,62,79,123],""b"":[19,31,47]}",rounded product,"{""normalise"": [""trim"", ""lowercase"", ""remove_spaces""], ""tolerance"": 0.01}","Round first, then multiply.",Estimation gives an approximate answer.,[],gcse-style-original,false,true,48 × 19,50×20=1000,adaptive_challenge_mode
number-skills-prime_factorisation-could,maths,8-9,number-skills,prime-factorisation,prime_factorisation,number,could,short_text,Write {n} as a product of prime factors.,"{""n"":[24,36,40,60,72]}",prime factors,"{""normalise"": [""trim"", ""lowercase"", ""remove_spaces""], ""tolerance"": 0.01}",Break it into prime numbers.,Keep dividing by primes until only primes remain.,[],gcse-style-original,false,true,60,2×2×3×5,adaptive_challenge_mode
number-skills-gcse_number_reasoning-gcse_bridge,maths,8-9,number-skills,gcse-number-reasoning,gcse_number_reasoning,number,gcse_bridge,short_text,A bus leaves every {a} minutes and a train leaves every {b} minutes. They both leave at 09:00. After how many minutes will they next leave together?,"{""a"":[6,8,10,12],""b"":[9,12,15,18]}",lcm,"{""normalise"": [""trim"", ""lowercase"", ""remove_spaces""], ""tolerance"": 0.01}",This is an LCM problem.,Find the lowest common multiple of the two times.,[],gcse-style-original,true,true,"bus 8 min, train 12 min",24 minutes,adaptive_challenge_mode
fractions-equivalent_fractions-must,maths,8-9,fractions,equivalent-fractions,equivalent_fractions,number,must,short_text,Complete: {a}/{b} = {ka}/__,"{""a"":[1,2,3],""b"":[2,3,4,5],""k"":[2,3,4]}",b*k,"{""normalise"": [""trim"", ""lowercase"", ""remove_spaces""], ""tolerance"": 0.01}",Multiply numerator and denominator by same number.,Equivalent fractions have the same value.,[],gcse-style-original,false,true,1/3 = 3/__,9,adaptive_challenge_mode
fractions-simplify_fractions-must,maths,8-9,fractions,simplify-fractions,simplify_fractions,number,must,short_text,Simplify {a}/{b}.,"{""pairs"":[[2,4],[3,6],[4,8],[6,9],[8,12],[10,15]]}",simplified,"{""normalise"": [""trim"", ""lowercase"", ""remove_spaces""], ""tolerance"": 0.01}",Divide top and bottom by the same factor.,Use the highest common factor if you can.,[],gcse-style-original,false,true,8/12,2/3,adaptive_challenge_mode
fractions-compare_fractions-should,maths,8-9,fractions,compare-fractions,compare_fractions,number,should,multiple_choice,Which is bigger: {f1} or {f2}?,"{""pairs"":[[""1/2"",""1/3""],[""3/4"",""2/3""],[""4/5"",""5/8""]]}",bigger,"{""normalise"": [""trim"", ""lowercase"", ""remove_spaces""], ""tolerance"": 0.01}",Use common denominators or decimals.,Convert both fractions to comparable forms.,[],gcse-style-original,false,true,3/4 or 2/3,3/4,adaptive_challenge_mode
fractions-order_fractions-should,maths,8-9,fractions,order-fractions,order_fractions,number,should,short_text,"Put these in ascending order: {f1}, {f2}, {f3}.","{""sets"":[[""1/2"",""1/4"",""3/4""],[""2/3"",""1/3"",""5/6""]]}",ordered,"{""normalise"": [""trim"", ""lowercase"", ""remove_spaces""], ""tolerance"": 0.01}",Ascending means smallest to largest.,Use common denominators.,[],gcse-style-original,false,true,"1/2,1/4,3/4","1/4,1/2,3/4",adaptive_challenge_mode
fractions-fraction_of_amount-should,maths,8-9,fractions,fraction-of-amount,fraction_of_amount,number,should,short_text,Find {num}/{den} of {amount}.,"{""num"":[1,2,3],""den"":[4,5,8,10],""unit"":[4,5,10]}",amount/den*num,"{""normalise"": [""trim"", ""lowercase"", ""remove_spaces""], ""tolerance"": 0.01}","Divide by denominator, multiply by numerator.",Find one part first.,[],gcse-style-original,false,true,3/5 of 40,24,adaptive_challenge_mode
fractions-add_fractions_same_den-must,maths,8-9,fractions,add-fractions-same-den,add_fractions_same_den,number,must,short_text,Calculate {a}/{d} + {b}/{d}.,"{""d"":[5,6,8,10],""a"":[1,2,3],""b"":[1,2,3]}",(a+b)/d,"{""normalise"": [""trim"", ""lowercase"", ""remove_spaces""], ""tolerance"": 0.01}",Same denominator: add numerators.,Keep the denominator the same.,[],gcse-style-original,false,true,2/7+3/7,5/7,adaptive_challenge_mode
fractions-subtract_fractions_same_den-must,maths,8-9,fractions,subtract-fractions-same-den,subtract_fractions_same_den,number,must,short_text,Calculate {a}/{d} - {b}/{d}.,"{""d"":[5,6,8,10],""a"":[3,4,5,6],""b"":[1,2,3]}",(a-b)/d,"{""normalise"": [""trim"", ""lowercase"", ""remove_spaces""], ""tolerance"": 0.01}",Same denominator: subtract numerators.,Keep the denominator the same.,[],gcse-style-original,false,true,5/8-1/8,4/8=1/2,adaptive_challenge_mode
fractions-add_fractions_diff_den-could,maths,8-9,fractions,add-fractions-diff-den,add_fractions_diff_den,number,could,short_text,Calculate {f1} + {f2}.,"{""pairs"":[[""1/2"",""1/4""],[""1/3"",""1/6""],[""2/5"",""1/10""]]}",sum,"{""normalise"": [""trim"", ""lowercase"", ""remove_spaces""], ""tolerance"": 0.01}",Use a common denominator.,Rewrite both fractions with the same denominator.,[],gcse-style-original,false,true,1/2+1/4,3/4,adaptive_challenge_mode
fractions-multiply_fractions-should,maths,8-9,fractions,multiply-fractions,multiply_fractions,number,should,short_text,Calculate {a}/{b} × {c}/{d}.,"{""a"":[1,2,3],""b"":[3,4,5],""c"":[1,2,3],""d"":[4,5,6]}",a*c/(b*d),"{""normalise"": [""trim"", ""lowercase"", ""remove_spaces""], ""tolerance"": 0.01}",Multiply tops and bottoms.,"Numerator × numerator, denominator × denominator.",[],gcse-style-original,false,true,2/3 × 3/5,6/15=2/5,adaptive_challenge_mode
fractions-divide_fractions_intro-could,maths,8-9,fractions,divide-fractions-intro,divide_fractions_intro,number,could,short_text,Calculate {a}/{b} ÷ {c}/{d}.,"{""examples"":[[1,2,1,4],[2,3,1,6],[3,5,1,10]]}",division result,"{""normalise"": [""trim"", ""lowercase"", ""remove_spaces""], ""tolerance"": 0.01}","Keep, change, flip.",Dividing by a fraction means multiplying by its reciprocal.,[],gcse-style-original,false,true,1/2 ÷ 1/4,2,adaptive_challenge_mode
fractions-mixed_numbers-could,maths,8-9,fractions,mixed-numbers,mixed_numbers,number,could,short_text,Write {whole} {num}/{den} as an improper fraction.,"{""whole"":[1,2,3],""num"":[1,2,3],""den"":[4,5,6]}",(whole*den+num)/den,"{""normalise"": [""trim"", ""lowercase"", ""remove_spaces""], ""tolerance"": 0.01}","Multiply whole by denominator, add numerator.",Keep the denominator the same.,[],gcse-style-original,false,true,2 1/3,7/3,adaptive_challenge_mode
fractions-fraction_decimal-should,maths,8-9,fractions,fraction-decimal,fraction_decimal,number,should,short_text,Write {num}/{den} as a decimal.,"{""pairs"":[[1,2],[1,4],[3,4],[1,5],[2,5]]}",num/den,"{""normalise"": [""trim"", ""lowercase"", ""remove_spaces""], ""tolerance"": 0.01}",Divide numerator by denominator.,Fraction bar means divide.,[],gcse-style-original,false,true,3/4,0.75,adaptive_challenge_mode
fractions-fraction_percent-should,maths,8-9,fractions,fraction-percent,fraction_percent,number,should,short_text,Write {num}/{den} as a percentage.,"{""pairs"":[[1,2],[1,4],[3,4],[1,5],[2,5]]}",num/den*100,"{""normalise"": [""trim"", ""lowercase"", ""remove_spaces""], ""tolerance"": 0.01}",Convert to a decimal then percentage.,Multiply the decimal by 100.,"[""divide_by_100_error"", ""multiplier_error""]",gcse-style-original,false,true,2/5,40%,adaptive_challenge_mode
fractions-fraction_word_problem-gcse_bridge,maths,8-9,fractions,fraction-word-problem,fraction_word_problem,number,gcse_bridge,short_text,A club has {total} members. {num}/{den} are girls. How many boys are there?,"{""total"":[40,60,80,100],""num"":[1,2,3],""den"":[4,5]}",total-total*num/den,"{""normalise"": [""trim"", ""lowercase"", ""remove_spaces""], ""tolerance"": 0.01}","Find girls first, then subtract from total.",Boys are the remaining members.,[],gcse-style-original,true,true,"60 members, 2/5 girls",36 boys,adaptive_challenge_mode
fractions-multi_step_fraction-gcse_bridge,maths,8-9,fractions,multi-step-fraction,multi_step_fraction,number,gcse_bridge,short_text,A tank is {num}/{den} full. It holds {capacity} litres when full. How many more litres are needed to fill it?,"{""capacity"":[40,60,80,100],""num"":[1,2,3],""den"":[4,5]}",capacity*(1-num/den),"{""normalise"": [""trim"", ""lowercase"", ""remove_spaces""], ""tolerance"": 0.01}",Find the empty fraction.,Amount needed = remaining fraction of capacity.,[],gcse-style-original,true,true,80L tank 3/4 full,20L,adaptive_challenge_mode
angles-geometry-angles_on_line-must,maths,8-9,angles-geometry,angles-on-line,angles_on_line,geometry,must,short_text,Find x if x and {a}° are on a straight line.,"{""a"":[35,50,68,101,118]}",180-a,"{""normalise"": [""trim"", ""lowercase"", ""remove_spaces""], ""tolerance"": 0.01}",Angles on a straight line add to 180°.,x = 180 - {a}.,"[""angle_fact_confusion""]",gcse-style-original,false,true,x + 68° on line,112°,adaptive_challenge_mode
angles-geometry-angles_around_point-must,maths,8-9,angles-geometry,angles-around-point,angles_around_point,geometry,must,short_text,"Angles around a point include {a}°, {b}° and x. Find x.","{""a"":[80,95,120],""b"":[45,60,75]}",360-a-b,"{""normalise"": [""trim"", ""lowercase"", ""remove_spaces""], ""tolerance"": 0.01}",Angles around a point add to 360°.,Subtract known angles from 360.,"[""angle_fact_confusion""]",gcse-style-original,false,true,"80°,95°,x around point",185°,adaptive_challenge_mode
angles-geometry-vertically_opposite-must,maths,8-9,angles-geometry,vertically-opposite,vertically_opposite,geometry,must,short_text,Two vertically opposite angles are {a}° and x. Find x.,"{""a"":[39,55,79,101,118]}",a,"{""normalise"": [""trim"", ""lowercase"", ""remove_spaces""], ""tolerance"": 0.01}",Vertically opposite angles are equal.,Opposite angles made by crossing lines are equal.,[],gcse-style-original,false,true,opposite to 79°,79°,adaptive_challenge_mode
angles-geometry-triangle_angles-should,maths,8-9,angles-geometry,triangle-angles,triangle_angles,geometry,should,short_text,"A triangle has angles {a}°, {b}° and x. Find x.","{""a"":[42,56,71],""b"":[57,68,79]}",180-a-b,"{""normalise"": [""trim"", ""lowercase"", ""remove_spaces""], ""tolerance"": 0.01}",Angles in a triangle add to 180°.,Subtract the two known angles from 180.,"[""angle_fact_confusion""]",gcse-style-original,false,true,"42°,68°,x",70°,adaptive_challenge_mode
angles-geometry-quadrilateral_angles-should,maths,8-9,angles-geometry,quadrilateral-angles,quadrilateral_angles,geometry,should,short_text,"A quadrilateral has angles {a}°, {b}°, {c}° and x. Find x.","{""a"":[81,89,97],""b"":[76,101,108],""c"":[80,90,120]}",360-a-b-c,"{""normalise"": [""trim"", ""lowercase"", ""remove_spaces""], ""tolerance"": 0.01}",Angles in a quadrilateral add to 360°.,Subtract known angles from 360.,"[""angle_fact_confusion""]",gcse-style-original,false,true,"81,108,76,x",95°,adaptive_challenge_mode
angles-geometry-parallel_corresponding-should,maths,8-9,angles-geometry,parallel-corresponding,parallel_corresponding,geometry,should,short_text,"In parallel lines, a corresponding angle to {a}° is x. Find x.","{""a"":[39,55,71,118]}",a,"{""normalise"": [""trim"", ""lowercase"", ""remove_spaces""], ""tolerance"": 0.01}",Corresponding angles are equal.,Same relative position means same size.,[],gcse-style-original,false,true,corresponding to 55°,55°,adaptive_challenge_mode
angles-geometry-parallel_alternate-should,maths,8-9,angles-geometry,parallel-alternate,parallel_alternate,geometry,should,short_text,"In parallel lines, an alternate angle to {a}° is x. Find x.","{""a"":[39,55,71,118]}",a,"{""normalise"": [""trim"", ""lowercase"", ""remove_spaces""], ""tolerance"": 0.01}",Alternate angles are equal.,Z-shaped angles are equal.,[],gcse-style-original,false,true,alternate to 71°,71°,adaptive_challenge_mode
angles-geometry-cointerior_angles-could,maths,8-9,angles-geometry,cointerior-angles,cointerior_angles,geometry,could,short_text,Co-interior angles are {a}° and x. Find x.,"{""a"":[101,118,125,140]}",180-a,"{""normalise"": [""trim"", ""lowercase"", ""remove_spaces""], ""tolerance"": 0.01}",Co-interior angles add to 180°.,C-shaped angles in parallel lines sum to 180.,"[""angle_fact_confusion""]",gcse-style-original,false,true,co-interior with 118°,62°,adaptive_challenge_mode
angles-geometry-isosceles_triangle-should,maths,8-9,angles-geometry,isosceles-triangle,isosceles_triangle,geometry,should,short_text,An isosceles triangle has vertex angle {a}°. Find each base angle.,"{""a"":[40,50,56,68]}",(180-a)/2,"{""normalise"": [""trim"", ""lowercase"", ""remove_spaces""], ""tolerance"": 0.01}",Base angles in an isosceles triangle are equal.,"Subtract the vertex angle, then divide by 2.","[""angle_fact_confusion""]",gcse-style-original,false,true,vertex 56°,62°,adaptive_challenge_mode
angles-geometry-equilateral_triangle-must,maths,8-9,angles-geometry,equilateral-triangle,equilateral_triangle,geometry,must,short_text,What is each angle in an equilateral triangle?,{},60°,"{""normalise"": [""trim"", ""lowercase"", ""remove_spaces""], ""tolerance"": 0.01}",All three angles are equal.,180° ÷ 3 = 60°.,"[""angle_fact_confusion""]",gcse-style-original,false,true,equilateral angle,60°,adaptive_challenge_mode
angles-geometry-exterior_triangle-could,maths,8-9,angles-geometry,exterior-triangle,exterior_triangle,geometry,could,short_text,A triangle has inside angles {a}° and {b}°. Find the exterior angle at the third vertex.,"{""a"":[55,67,71],""b"":[42,57,68]}",a+b,"{""normalise"": [""trim"", ""lowercase"", ""remove_spaces""], ""tolerance"": 0.01}",Exterior angle equals sum of opposite interior angles.,You can also find third angle then subtract from 180.,"[""angle_fact_confusion""]",gcse-style-original,false,true,opposite 55° and 67°,122°,adaptive_challenge_mode
angles-geometry-polygon_interior_sum-could,maths,8-9,angles-geometry,polygon-interior-sum,polygon_interior_sum,geometry,could,short_text,Find the sum of interior angles of a {n}-sided polygon.,"{""n"":[5,6,7,8,10]}",(n-2)*180,"{""normalise"": [""trim"", ""lowercase"", ""remove_spaces""], ""tolerance"": 0.01}",Use (n-2) × 180.,Split the polygon into triangles.,[],gcse-style-original,false,true,hexagon,720°,adaptive_challenge_mode
angles-geometry-regular_polygon_angle-gcse_bridge,maths,8-9,angles-geometry,regular-polygon-angle,regular_polygon_angle,geometry,gcse_bridge,short_text,Find each interior angle of a regular {n}-gon.,"{""n"":[5,6,8,10,12]}",(n-2)*180/n,"{""normalise"": [""trim"", ""lowercase"", ""remove_spaces""], ""tolerance"": 0.01}",Find total then divide by number of sides.,Regular means all angles are equal.,"[""angle_fact_confusion""]",gcse-style-original,true,true,regular octagon,135°,adaptive_challenge_mode
angles-geometry-multi_step_angle_reasoning-gcse_bridge,maths,8-9,angles-geometry,multi-step-angle-reasoning,multi_step_angle_reasoning,geometry,gcse_bridge,short_text,"A straight line contains angles {a}°, {b}° and x. Find x and give the reason.","{""a"":[41,51,67],""b"":[39,57,72]}",180-a-b,"{""normalise"": [""trim"", ""lowercase"", ""remove_spaces""], ""tolerance"": 0.01}",Angles on a straight line add to 180°.,Subtract both known angles from 180.,"[""angle_fact_confusion""]",gcse-style-original,true,true,"41°,51°,x on line",88°,adaptive_challenge_mode
angles-geometry-angle_algebra-gcse_bridge,maths,8-9,angles-geometry,angle-algebra,angle_algebra,geometry,gcse_bridge,short_text,Angles on a straight line are {a}x and {b}x. Find x.,"{""a"":[2,3,4],""b"":[3,5,6]}",180/(a+b),"{""normalise"": [""trim"", ""lowercase"", ""remove_spaces""], ""tolerance"": 0.01}",Form an equation.,{a}x + {b}x = 180.,"[""angle_fact_confusion""]",gcse-style-original,true,true,2x and 3x on line,36,adaptive_challenge_mode
area-perimeter-rectangle_area-must,maths,8-9,area-perimeter,rectangle-area,rectangle_area,geometry,must,short_text,Find the area of a rectangle with length {l} cm and width {w} cm.,"{""l"":[5,6,8,10,12],""w"":[2,3,4,5]}",l*w,"{""normalise"": [""trim"", ""lowercase"", ""remove_spaces""], ""tolerance"": 0.01}",Area rectangle = length × width.,Multiply the two side lengths.,"[""angle_fact_confusion""]",gcse-style-original,false,true,8 by 5,40 cm²,adaptive_challenge_mode
area-perimeter-rectangle_perimeter-must,maths,8-9,area-perimeter,rectangle-perimeter,rectangle_perimeter,geometry,must,short_text,Find the perimeter of a rectangle with length {l} cm and width {w} cm.,"{""l"":[5,6,8,10,12],""w"":[2,3,4,5]}",2*(l+w),"{""normalise"": [""trim"", ""lowercase"", ""remove_spaces""], ""tolerance"": 0.01}",Add all sides.,Perimeter = 2l + 2w.,"[""angle_fact_confusion""]",gcse-style-original,false,true,8 by 5,26 cm,adaptive_challenge_mode
area-perimeter-triangle_area-should,maths,8-9,area-perimeter,triangle-area,triangle_area,geometry,should,short_text,Find the area of a triangle with base {b} cm and height {h} cm.,"{""b"":[6,8,10,12],""h"":[4,5,6,7]}",b*h/2,"{""normalise"": [""trim"", ""lowercase"", ""remove_spaces""], ""tolerance"": 0.01}",Triangle area = base × height ÷ 2.,It is half a rectangle.,"[""angle_fact_confusion""]",gcse-style-original,false,true,base 10 height 6,30 cm²,adaptive_challenge_mode
area-perimeter-parallelogram_area-should,maths,8-9,area-perimeter,parallelogram-area,parallelogram_area,geometry,should,short_text,Find the area of a parallelogram with base {b} cm and height {h} cm.,"{""b"":[6,8,10,12],""h"":[4,5,6]}",b*h,"{""normalise"": [""trim"", ""lowercase"", ""remove_spaces""], ""tolerance"": 0.01}",Area = base × perpendicular height.,"Use vertical height, not slanted side.",[],gcse-style-original,false,true,base 8 height 5,40 cm²,adaptive_challenge_mode
area-perimeter-compound_area_rectangles-could,maths,8-9,area-perimeter,compound-area-rectangles,compound_area_rectangles,geometry,could,short_text,A compound shape is made from rectangles with areas {a} cm² and {b} cm². Find the total area.,"{""a"":[20,24,30,36],""b"":[12,18,25]}",a+b,"{""normalise"": [""trim"", ""lowercase"", ""remove_spaces""], ""tolerance"": 0.01}",Add the parts.,Compound area can be found by splitting into rectangles.,"[""angle_fact_confusion""]",gcse-style-original,false,true,areas 24 and 18,42 cm²,adaptive_challenge_mode
area-perimeter-missing_rectangle_side-could,maths,8-9,area-perimeter,missing-rectangle-side,missing_rectangle_side,geometry,could,short_text,A rectangle has area {area} cm² and width {w} cm. Find its length.,"{""w"":[3,4,5,6],""l"":[7,8,9,10]}",area/w,"{""normalise"": [""trim"", ""lowercase"", ""remove_spaces""], ""tolerance"": 0.01}",Area = length × width.,Divide area by known side.,"[""angle_fact_confusion""]",gcse-style-original,false,true,area 40 width 5,8 cm,adaptive_challenge_mode
area-perimeter-perimeter_missing_side-could,maths,8-9,area-perimeter,perimeter-missing-side,perimeter_missing_side,geometry,could,short_text,A rectangle has perimeter {p} cm and length {l} cm. Find its width.,"{""l"":[6,8,10],""w"":[3,4,5]}",p/2-l,"{""normalise"": [""trim"", ""lowercase"", ""remove_spaces""], ""tolerance"": 0.01}",Half the perimeter is length + width.,Perimeter = 2(l+w).,[],gcse-style-original,false,true,perimeter 26 length 8,5 cm,adaptive_challenge_mode
area-perimeter-trapezium_area_intro-could,maths,8-9,area-perimeter,trapezium-area-intro,trapezium_area_intro,geometry,could,short_text,"Find the area of a trapezium with parallel sides {a} cm and {b} cm, height {h} cm.","{""a"":[5,6,8],""b"":[9,10,12],""h"":[4,5,6]}",(a+b)*h/2,"{""normalise"": [""trim"", ""lowercase"", ""remove_spaces""], ""tolerance"": 0.01}","Average the parallel sides, then multiply by height.",Formula: 1/2(a+b)h.,[],gcse-style-original,false,true,"parallel 6 and 10, height 5",40 cm²,adaptive_challenge_mode
area-perimeter-circle_area_intro-could,maths,8-9,area-perimeter,circle-area-intro,circle_area_intro,geometry,could,short_text,Find the area of a circle with radius {r} cm. Use π = 3.14.,"{""r"":[2,3,4,5]}",3.14*r*r,"{""normalise"": [""trim"", ""lowercase"", ""remove_spaces""], ""tolerance"": 0.01}",Area = πr².,"Square the radius, then multiply by π.",[],gcse-style-original,false,true,radius 3,28.26 cm²,adaptive_challenge_mode
area-perimeter-circle_circumference_intro-could,maths,8-9,area-perimeter,circle-circumference-intro,circle_circumference_intro,geometry,could,short_text,Find the circumference of a circle with diameter {d} cm. Use π = 3.14.,"{""d"":[4,6,8,10]}",3.14*d,"{""normalise"": [""trim"", ""lowercase"", ""remove_spaces""], ""tolerance"": 0.01}",Circumference = πd.,Multiply diameter by π.,[],gcse-style-original,false,true,diameter 8,25.12 cm,adaptive_challenge_mode
area-perimeter-area_word_problem-gcse_bridge,maths,8-9,area-perimeter,area-word-problem,area_word_problem,geometry,gcse_bridge,short_text,A garden is {l} m by {w} m. Turf costs £{cost} per m². Find the total cost.,"{""l"":[6,8,10],""w"":[4,5,7],""cost"":[3,4,5]}",l*w*cost,"{""normalise"": [""trim"", ""lowercase"", ""remove_spaces""], ""tolerance"": 0.01}","Find area first, then multiply by cost.",This is a two-step area problem.,[],gcse-style-original,true,true,"8m by 5m, £4/m²",£160,adaptive_challenge_mode
area-perimeter-perimeter_word_problem-gcse_bridge,maths,8-9,area-perimeter,perimeter-word-problem,perimeter_word_problem,geometry,gcse_bridge,short_text,A rectangular field is {l} m by {w} m. Fencing costs £{cost} per metre. Find the cost to fence it.,"{""l"":[10,12,15],""w"":[6,8,9],""cost"":[5,6,8]}",2*(l+w)*cost,"{""normalise"": [""trim"", ""lowercase"", ""remove_spaces""], ""tolerance"": 0.01}",Find perimeter first.,Cost = perimeter × cost per metre.,[],gcse-style-original,true,true,"10m by 6m, £5/m",£160,adaptive_challenge_mode
area-perimeter-shaded_area-gcse_bridge,maths,8-9,area-perimeter,shaded-area,shaded_area,geometry,gcse_bridge,short_text,A {big} cm by {big} cm square has a {small} cm by {small} cm square removed. Find the remaining area.,"{""big"":[8,10,12],""small"":[2,3,4]}",big*big-small*small,"{""normalise"": [""trim"", ""lowercase"", ""remove_spaces""], ""tolerance"": 0.01}",Find both areas then subtract.,Shaded area = large area - removed area.,[],gcse-style-original,true,true,10x10 remove 3x3,91 cm²,adaptive_challenge_mode
area-perimeter-area_scale_factor-gcse_bridge,maths,8-9,area-perimeter,area-scale-factor,area_scale_factor,geometry,gcse_bridge,short_text,A rectangle has area {area} cm². It is enlarged by scale factor {sf}. What is the new area?,"{""area"":[20,30,40,50],""sf"":[2,3]}",area*sf*sf,"{""normalise"": [""trim"", ""lowercase"", ""remove_spaces""], ""tolerance"": 0.01}",Area scale factor is square of length scale factor.,Multiply area by {sf}².,[],gcse-style-original,true,true,area 20 scale factor 3,180 cm²,adaptive_challenge_mode
area-perimeter-mixed_area_perimeter-gcse_bridge,maths,8-9,area-perimeter,mixed-area-perimeter,mixed_area_perimeter,geometry,gcse_bridge,short_text,A rectangle has area {area} cm² and one side {w} cm. Find its perimeter.,"{""w"":[4,5,6],""l"":[7,8,9,10]}",2*(w+l),"{""normalise"": [""trim"", ""lowercase"", ""remove_spaces""], ""tolerance"": 0.01}",Find missing length from area first.,"Length = area ÷ width, then find perimeter.",[],gcse-style-original,true,true,"area 40, side 5",26 cm,adaptive_challenge_mode
indices-standard-form-multiply_indices-must,maths,8-9,indices-standard-form,multiply-indices,multiply_indices,number,must,short_text,Simplify: x^{a} × x^{b}.,"{""a"":[2,3,4,5],""b"":[2,3,4]}",`x^${a+b}`,"{""normalise"": [""trim"", ""lowercase"", ""remove_spaces""], ""tolerance"": 0.01}","When multiplying same base, add powers.",Same base means add indices.,[],gcse-style-original,false,true,x^3 × x^4,x^7,adaptive_challenge_mode
indices-standard-form-divide_indices-must,maths,8-9,indices-standard-form,divide-indices,divide_indices,number,must,short_text,Simplify: x^{a} ÷ x^{b}.,"{""a"":[5,6,8,10],""b"":[2,3,4]}",`x^${a-b}`,"{""normalise"": [""trim"", ""lowercase"", ""remove_spaces""], ""tolerance"": 0.01}","When dividing same base, subtract powers.",Subtract the lower power from the upper power.,[],gcse-style-original,false,true,x^8 ÷ x^3,x^5,adaptive_challenge_mode
indices-standard-form-power_of_power-should,maths,8-9,indices-standard-form,power-of-power,power_of_power,number,should,short_text,Simplify: (x^{a})^{b}.,"{""a"":[2,3,4,5],""b"":[2,3,4]}",`x^${a*b}`,"{""normalise"": [""trim"", ""lowercase"", ""remove_spaces""], ""tolerance"": 0.01}",Power of a power means multiply powers.,Multiply the indices together.,[],gcse-style-original,false,true,(x^3)^2,x^6,adaptive_challenge_mode
indices-standard-form-coefficient_indices-should,maths,8-9,indices-standard-form,coefficient-indices,coefficient_indices,number,should,short_text,Simplify: {c}x^{a} × {d}x^{b}.,"{""c"":[2,3,4],""d"":[3,5,6],""a"":[2,3],""b"":[3,4]}",`${c*d}x^${a+b}`,"{""normalise"": [""trim"", ""lowercase"", ""remove_spaces""], ""tolerance"": 0.01}",Multiply coefficients and add powers.,Handle numbers and powers separately.,[],gcse-style-original,false,true,3x^2 × 4x^3,12x^5,adaptive_challenge_mode
indices-standard-form-zero_index-should,maths,8-9,indices-standard-form,zero-index,zero_index,number,should,short_text,What is {a}^0?,"{""a"":[2,3,5,10]}",1,"{""normalise"": [""trim"", ""lowercase"", ""remove_spaces""], ""tolerance"": 0.01}",Any non-zero number to power 0 is 1.,This is a key index law.,[],gcse-style-original,false,true,5^0,1,adaptive_challenge_mode
indices-standard-form-negative_index_intro-could,maths,8-9,indices-standard-form,negative-index-intro,negative_index_intro,number,could,short_text,Write x^{- {a}} using a positive index.,"{""a"":[1,2,3,4]}",`1/x^${a}`,"{""normalise"": [""trim"", ""lowercase"", ""remove_spaces""], ""tolerance"": 0.01}",Negative index means reciprocal.,Move it to the denominator.,[],gcse-style-original,false,true,x^-2,1/x^2,adaptive_challenge_mode
indices-standard-form-standard_form_write_large-must,maths,8-9,indices-standard-form,standard-form-write-large,standard_form_write_large,number,must,short_text,Write {n} in standard form.,"{""n"":[3000,45000,720000,9000000]}",standard form,"{""normalise"": [""trim"", ""lowercase"", ""remove_spaces""], ""tolerance"": 0.01}",Move decimal after first non-zero digit.,Standard form is a × 10^n where 1 ≤ a < 10.,[],gcse-style-original,false,true,45000,4.5×10^4,adaptive_challenge_mode
indices-standard-form-standard_form_write_small-should,maths,8-9,indices-standard-form,standard-form-write-small,standard_form_write_small,number,should,short_text,Write {n} in standard form.,"{""n"":[0.03,0.0045,0.00072,0.000006]}",standard form,"{""normalise"": [""trim"", ""lowercase"", ""remove_spaces""], ""tolerance"": 0.01}",Small numbers have negative powers of 10.,Move decimal to make a number between 1 and 10.,[],gcse-style-original,false,true,0.0045,4.5×10^-3,adaptive_challenge_mode
indices-standard-form-standard_form_to_ordinary-must,maths,8-9,indices-standard-form,standard-form-to-ordinary,standard_form_to_ordinary,number,must,short_text,Write {a} × 10^{p} as an ordinary number.,"{""a"":[2.5,3.6,4.8,7.2],""p"":[3,4,5]}",a*10^p,"{""normalise"": [""trim"", ""lowercase"", ""remove_spaces""], ""tolerance"": 0.01}",Move decimal right for positive powers.,10^p means multiply by 10 p times.,[],gcse-style-original,false,true,3.6×10^4,36000,adaptive_challenge_mode
indices-standard-form-standard_form_compare-could,maths,8-9,indices-standard-form,standard-form-compare,standard_form_compare,number,could,multiple_choice,Which is larger: {a}×10^{p} or {b}×10^{q}?,"{""a"":[2.1,5.4,7.2],""b"":[3.5,4.8,6.1],""p"":[3,4,5],""q"":[3,4,5]}",larger,"{""normalise"": [""trim"", ""lowercase"", ""remove_spaces""], ""tolerance"": 0.01}",Compare powers of 10 first.,"If powers match, compare the front number.",[],gcse-style-original,false,true,2.1×10^5 or 9.0×10^4,2.1×10^5,adaptive_challenge_mode
indices-standard-form-standard_form_multiply-gcse_bridge,maths,8-9,indices-standard-form,standard-form-multiply,standard_form_multiply,number,gcse_bridge,short_text,Calculate ({a}×10^{p}) × ({b}×10^{q}) in standard form.,"{""a"":[2,3,4],""b"":[2,3,5],""p"":[3,4],""q"":[2,5]}",standard form product,"{""normalise"": [""trim"", ""lowercase"", ""remove_spaces""], ""tolerance"": 0.01}",Multiply front numbers and add powers.,Adjust if the front number is 10 or more.,[],gcse-style-original,true,true,3×10^4 × 2×10^3,6×10^7,adaptive_challenge_mode
indices-standard-form-standard_form_divide-gcse_bridge,maths,8-9,indices-standard-form,standard-form-divide,standard_form_divide,number,gcse_bridge,short_text,Calculate ({a}×10^{p}) ÷ ({b}×10^{q}) in standard form.,"{""a"":[4,6,8],""b"":[2,3,4],""p"":[5,6],""q"":[2,3]}",standard form quotient,"{""normalise"": [""trim"", ""lowercase"", ""remove_spaces""], ""tolerance"": 0.01}",Divide front numbers and subtract powers.,Use index laws for powers of 10.,[],gcse-style-original,true,true,6×10^5 ÷ 3×10^2,2×10^3,adaptive_challenge_mode
indices-standard-form-scientific_context-gcse_bridge,maths,8-9,indices-standard-form,scientific-context,scientific_context,number,gcse_bridge,short_text,A cell is {a}×10^{- {p}} m wide. Write this as a decimal.,"{""a"":[2,3.5,4.2],""p"":[4,5,6]}",decimal,"{""normalise"": [""trim"", ""lowercase"", ""remove_spaces""], ""tolerance"": 0.01}",Negative powers move decimal left.,Convert from standard form carefully.,[],gcse-style-original,true,true,3×10^-4,0.0003,adaptive_challenge_mode
indices-standard-form-index_equation_intro-could,maths,8-9,indices-standard-form,index-equation-intro,index_equation_intro,number,could,short_text,Solve: 2^x = {n}.,"{""pairs"":[[2,1],[4,2],[8,3],[16,4],[32,5]]}",x,"{""normalise"": [""trim"", ""lowercase"", ""remove_spaces""], ""tolerance"": 0.01}",Think powers of 2.,Find which power gives {n}.,[],gcse-style-original,false,true,2^x=16,4,adaptive_challenge_mode
indices-standard-form-gcse_indices_reasoning-gcse_bridge,maths,8-9,indices-standard-form,gcse-indices-reasoning,gcse_indices_reasoning,number,gcse_bridge,short_text,Simplify fully: (x^{a} × x^{b}) ÷ x^{c}.,"{""a"":[3,4,5],""b"":[2,3,4],""c"":[1,2,3]}",`x^${a+b-c}`,"{""normalise"": [""trim"", ""lowercase"", ""remove_spaces""], ""tolerance"": 0.01}","Add powers first, then subtract.",Apply index laws in order.,[],gcse-style-original,true,true,(x^4 × x^3) ÷ x^2,x^5,adaptive_challenge_mode
volume-surface-area-cuboid_volume-must,maths,8-9,volume-surface-area,cuboid-volume,cuboid_volume,geometry,must,short_text,Find the volume of a cuboid {l} cm by {w} cm by {h} cm.,"{""l"":[4,5,6,8],""w"":[2,3,4],""h"":[3,4,5]}",l*w*h,"{""normalise"": [""trim"", ""lowercase"", ""remove_spaces""], ""tolerance"": 0.01}",Volume = length × width × height.,Multiply the three dimensions.,[],gcse-style-original,false,true,4 by 3 by 5,60 cm³,adaptive_challenge_mode
volume-surface-area-cube_volume-must,maths,8-9,volume-surface-area,cube-volume,cube_volume,geometry,must,short_text,Find the volume of a cube with side {s} cm.,"{""s"":[2,3,4,5,6]}",s^3,"{""normalise"": [""trim"", ""lowercase"", ""remove_spaces""], ""tolerance"": 0.01}",Cube volume = side cubed.,Multiply side by itself three times.,[],gcse-style-original,false,true,side 4,64 cm³,adaptive_challenge_mode
volume-surface-area-surface_area_cube-should,maths,8-9,volume-surface-area,surface-area-cube,surface_area_cube,geometry,should,short_text,Find the surface area of a cube with side {s} cm.,"{""s"":[2,3,4,5,6]}",6*s*s,"{""normalise"": [""trim"", ""lowercase"", ""remove_spaces""], ""tolerance"": 0.01}",A cube has 6 square faces.,"Area of one face is s², then multiply by 6.",[],gcse-style-original,false,true,side 5,150 cm²,adaptive_challenge_mode
volume-surface-area-surface_area_cuboid-should,maths,8-9,volume-surface-area,surface-area-cuboid,surface_area_cuboid,geometry,should,short_text,Find the surface area of a cuboid {l} by {w} by {h}.,"{""l"":[4,5,6],""w"":[2,3,4],""h"":[3,4,5]}",2*(lw+lh+wh),"{""normalise"": [""trim"", ""lowercase"", ""remove_spaces""], ""tolerance"": 0.01}",Find pairs of opposite faces.,Surface area = 2lw + 2lh + 2wh.,[],gcse-style-original,false,true,"4,3,5",94 cm²,adaptive_challenge_mode
volume-surface-area-prism_volume-could,maths,8-9,volume-surface-area,prism-volume,prism_volume,geometry,could,short_text,A prism has cross-section area {area} cm² and length {length} cm. Find its volume.,"{""area"":[12,15,20,24],""length"":[5,6,8,10]}",area*length,"{""normalise"": [""trim"", ""lowercase"", ""remove_spaces""], ""tolerance"": 0.01}",Volume of prism = cross-section area × length.,Multiply the area by the length.,[],gcse-style-original,false,true,"area 12, length 5",60 cm³,adaptive_challenge_mode
volume-surface-area-cylinder_volume_intro-could,maths,8-9,volume-surface-area,cylinder-volume-intro,cylinder_volume_intro,geometry,could,short_text,Find the volume of a cylinder radius {r} cm and height {h} cm. Use π=3.14.,"{""r"":[2,3,4],""h"":[5,6,10]}",3.14*r*r*h,"{""normalise"": [""trim"", ""lowercase"", ""remove_spaces""], ""tolerance"": 0.01}",Volume = πr²h.,"Find circle area, then multiply by height.",[],gcse-style-original,false,true,"r=3,h=5",141.3 cm³,adaptive_challenge_mode
volume-surface-area-missing_height_cuboid-could,maths,8-9,volume-surface-area,missing-height-cuboid,missing_height_cuboid,geometry,could,short_text,"A cuboid has volume {v} cm³, length {l} cm and width {w} cm. Find its height.","{""l"":[4,5,6],""w"":[2,3,4],""h"":[3,4,5]}",v/(l*w),"{""normalise"": [""trim"", ""lowercase"", ""remove_spaces""], ""tolerance"": 0.01}",Volume = length × width × height.,Divide volume by base area.,[],gcse-style-original,false,true,"volume 60, l=5,w=4",3 cm,adaptive_challenge_mode
volume-surface-area-compound_volume-gcse_bridge,maths,8-9,volume-surface-area,compound-volume,compound_volume,geometry,gcse_bridge,short_text,A solid is made from cuboids with volumes {v1} cm³ and {v2} cm³. Find total volume.,"{""v1"":[40,60,80],""v2"":[20,30,50]}",v1+v2,"{""normalise"": [""trim"", ""lowercase"", ""remove_spaces""], ""tolerance"": 0.01}",Add volumes of parts.,Compound volume can be split into simpler solids.,[],gcse-style-original,true,true,60 and 30,90 cm³,adaptive_challenge_mode
volume-surface-area-volume_units-should,maths,8-9,volume-surface-area,volume-units,volume_units,geometry,should,short_text,How many cm³ are in {n} m³?,"{""n"":[1,2,3]}",n*1000000,"{""normalise"": [""trim"", ""lowercase"", ""remove_spaces""], ""tolerance"": 0.01}","1 m = 100 cm, so cube the scale factor.",1 m³ = 100 × 100 × 100 cm³.,[],gcse-style-original,false,true,2 m³,"2,000,000 cm³",adaptive_challenge_mode
volume-surface-area-density_intro-gcse_bridge,maths,8-9,volume-surface-area,density-intro,density_intro,geometry,gcse_bridge,short_text,A block has mass {m} g and volume {v} cm³. Find its density.,"{""m"":[100,150,240,360],""v"":[20,30,40,60]}",m/v,"{""normalise"": [""trim"", ""lowercase"", ""remove_spaces""], ""tolerance"": 0.01}",Density = mass ÷ volume.,Divide grams by cubic centimetres.,[],gcse-style-original,true,true,"240g, 60cm³",4 g/cm³,adaptive_challenge_mode
volume-surface-area-surface_area_context-gcse_bridge,maths,8-9,volume-surface-area,surface-area-context,surface_area_context,geometry,gcse_bridge,short_text,A cube of side {s} cm is painted on all faces. Paint costs £{cost} per cm². Find the total cost.,"{""s"":[3,4,5],""cost"":[1,2,3]}",6*s*s*cost,"{""normalise"": [""trim"", ""lowercase"", ""remove_spaces""], ""tolerance"": 0.01}",Find surface area first.,Cost = surface area × cost per cm².,[],gcse-style-original,true,true,"side 4, £2/cm²",£192,adaptive_challenge_mode
volume-surface-area-volume_capacity-could,maths,8-9,volume-surface-area,volume-capacity,volume_capacity,geometry,could,short_text,A tank is {l} cm by {w} cm by {h} cm. How many litres can it hold?,"{""l"":[20,30,40],""w"":[10,20],""h"":[10,20,30]}",l*w*h/1000,"{""normalise"": [""trim"", ""lowercase"", ""remove_spaces""], ""tolerance"": 0.01}",1000 cm³ = 1 litre.,"Find volume in cm³, then divide by 1000.",[],gcse-style-original,false,true,30x20x10,6 L,adaptive_challenge_mode
volume-surface-area-similar_volume_scale-gcse_bridge,maths,8-9,volume-surface-area,similar-volume-scale,similar_volume_scale,geometry,gcse_bridge,short_text,A solid has volume {v} cm³. It is enlarged by scale factor {sf}. What is the new volume?,"{""v"":[10,20,30],""sf"":[2,3]}",v*sf^3,"{""normalise"": [""trim"", ""lowercase"", ""remove_spaces""], ""tolerance"": 0.01}",Volume scale factor is cube of length scale factor.,Multiply by scale factor cubed.,[],gcse-style-original,true,true,"volume 20, scale factor 3",540 cm³,adaptive_challenge_mode
volume-surface-area-surface_area_scale-gcse_bridge,maths,8-9,volume-surface-area,surface-area-scale,surface_area_scale,geometry,gcse_bridge,short_text,A solid has surface area {sa} cm². It is enlarged by scale factor {sf}. What is the new surface area?,"{""sa"":[20,30,50],""sf"":[2,3]}",sa*sf^2,"{""normalise"": [""trim"", ""lowercase"", ""remove_spaces""], ""tolerance"": 0.01}",Area scale factor is square of length scale factor.,Multiply by scale factor squared.,[],gcse-style-original,true,true,"surface area 30, sf 2",120 cm²,adaptive_challenge_mode
volume-surface-area-cone_volume_intro-gcse_bridge,maths,8-9,volume-surface-area,cone-volume-intro,cone_volume_intro,geometry,gcse_bridge,short_text,A cone has radius {r} cm and height {h} cm. Use π=3.14. Find its volume to 1 dp.,"{""r"":[2,3,4],""h"":[6,9,12]}",3.14*r*r*h/3,"{""normalise"": [""trim"", ""lowercase"", ""remove_spaces""], ""tolerance"": 0.01}",Cone volume is one third of cylinder.,Use 1/3 πr²h.,[],gcse-style-original,true,true,"r=3,h=6",56.5 cm³,adaptive_challenge_mode
pythagoras-identify_hypotenuse-must,maths,8-9,pythagoras,identify-hypotenuse,identify_hypotenuse,geometry,must,multiple_choice,"In a right-angled triangle, what is the hypotenuse?",{},longest side opposite right angle,"{""normalise"": [""trim"", ""lowercase"", ""remove_spaces""], ""tolerance"": 0.01}",It is opposite the right angle.,The hypotenuse is always the longest side.,[],gcse-style-original,false,true,hypotenuse definition,longest side opposite right angle,adaptive_challenge_mode
pythagoras-find_hypotenuse_integer-must,maths,8-9,pythagoras,find-hypotenuse-integer,find_hypotenuse_integer,geometry,must,short_text,A right triangle has short sides {a} cm and {b} cm. Find the hypotenuse.,"{""triples"":[[3,4,5],[5,12,13],[6,8,10],[8,15,17]]}",c,"{""normalise"": [""trim"", ""lowercase"", ""remove_spaces""], ""tolerance"": 0.01}",Use a² + b² = c².,"Square the two shorter sides, add, then square root.",[],gcse-style-original,false,true,3 and 4,5 cm,adaptive_challenge_mode
pythagoras-find_short_side_integer-should,maths,8-9,pythagoras,find-short-side-integer,find_short_side_integer,geometry,should,short_text,A right triangle has hypotenuse {c} cm and one short side {a} cm. Find the other short side.,"{""triples"":[[3,4,5],[5,12,13],[6,8,10],[8,15,17]]}",b,"{""normalise"": [""trim"", ""lowercase"", ""remove_spaces""], ""tolerance"": 0.01}",Use c² - a² = b².,"Subtract squares, then square root.",[],gcse-style-original,false,true,"hyp 13, side 5",12 cm,adaptive_challenge_mode
pythagoras-decimal_hypotenuse-could,maths,8-9,pythagoras,decimal-hypotenuse,decimal_hypotenuse,geometry,could,short_text,A right triangle has sides {a} cm and {b} cm. Find the hypotenuse to 1 decimal place.,"{""a"":[4,5,7,9],""b"":[6,8,10,12]}",sqrt(a^2+b^2),"{""normalise"": [""trim"", ""lowercase"", ""remove_spaces""], ""tolerance"": 0.01}",Use Pythagoras then round.,c² = a² + b².,[],gcse-style-original,false,true,4 and 6,7.2 cm,adaptive_challenge_mode
pythagoras-decimal_short_side-could,maths,8-9,pythagoras,decimal-short-side,decimal_short_side,geometry,could,short_text,A right triangle has hypotenuse {c} cm and one side {a} cm. Find the missing side to 1 decimal place.,"{""c"":[10,12,15,20],""a"":[4,5,7,9]}",sqrt(c^2-a^2),"{""normalise"": [""trim"", ""lowercase"", ""remove_spaces""], ""tolerance"": 0.01}",Subtract squares.,Missing short side uses hypotenuse squared minus known side squared.,[],gcse-style-original,false,true,"hyp 10, side 6",8.0 cm,adaptive_challenge_mode
pythagoras-pythagoras_word_ladder-could,maths,8-9,pythagoras,pythagoras-word-ladder,pythagoras_word_ladder,geometry,could,short_text,A ladder reaches {h} m up a wall and its foot is {d} m from the wall. How long is the ladder?,"{""h"":[3,4,5,6],""d"":[4,5,8]}",sqrt(h^2+d^2),"{""normalise"": [""trim"", ""lowercase"", ""remove_spaces""], ""tolerance"": 0.01}",The ladder is the hypotenuse.,Wall and ground make a right angle.,[],gcse-style-original,false,true,"3m up, 4m out",5m,adaptive_challenge_mode
pythagoras-pythagoras_word_diagonal-could,maths,8-9,pythagoras,pythagoras-word-diagonal,pythagoras_word_diagonal,geometry,could,short_text,A rectangle is {l} cm by {w} cm. Find the diagonal to 1 decimal place.,"{""l"":[6,8,10,12],""w"":[4,5,7,9]}",sqrt(l^2+w^2),"{""normalise"": [""trim"", ""lowercase"", ""remove_spaces""], ""tolerance"": 0.01}",The diagonal is the hypotenuse.,Split the rectangle into right triangles.,[],gcse-style-original,false,true,8 by 6,10 cm,adaptive_challenge_mode
pythagoras-coordinate_distance_intro-gcse_bridge,maths,8-9,pythagoras,coordinate-distance-intro,coordinate_distance_intro,geometry,gcse_bridge,short_text,"Find the distance between ({x1},{y1}) and ({x2},{y2}).","{""x1"":[0,1,2],""y1"":[0,1,3],""dx"":[3,4,5],""dy"":[4,5,12]}",sqrt(dx^2+dy^2),"{""normalise"": [""trim"", ""lowercase"", ""remove_spaces""], ""tolerance"": 0.01}",Use horizontal and vertical differences.,The points form a right triangle.,[],gcse-style-original,true,true,"(0,0) to (3,4)",5,adaptive_challenge_mode
pythagoras-is_right_triangle-gcse_bridge,maths,8-9,pythagoras,is-right-triangle,is_right_triangle,geometry,gcse_bridge,multiple_choice,"Is a triangle with sides {a}, {b}, {c} right-angled?","{""sets"":[[3,4,5],[5,12,13],[6,8,11],[7,24,25]]}",check a^2+b^2=c^2,"{""normalise"": [""trim"", ""lowercase"", ""remove_spaces""], ""tolerance"": 0.01}",Test the squares.,"If shorter squares add to longest square, it is right-angled.","[""angle_fact_confusion""]",gcse-style-original,true,true,"6,8,11",No,adaptive_challenge_mode
pythagoras-pythagoras_area_context-gcse_bridge,maths,8-9,pythagoras,pythagoras-area-context,pythagoras_area_context,geometry,gcse_bridge,short_text,A right triangle has legs {a} cm and {b} cm. Find its perimeter.,"{""triples"":[[3,4,5],[5,12,13],[6,8,10],[8,15,17]]}",a+b+c,"{""normalise"": [""trim"", ""lowercase"", ""remove_spaces""], ""tolerance"": 0.01}",Find hypotenuse first.,Perimeter is all three sides added.,[],gcse-style-original,true,true,"5,12",30 cm,adaptive_challenge_mode
pythagoras-pythagoras_3d_intro-gcse_bridge,maths,8-9,pythagoras,pythagoras-3d-intro,pythagoras_3d_intro,geometry,gcse_bridge,short_text,A cuboid is {l} by {w} by {h}. Find the base diagonal to 1 dp.,"{""l"":[4,5,8],""w"":[3,6,7],""h"":[2,3,4]}",sqrt(l^2+w^2),"{""normalise"": [""trim"", ""lowercase"", ""remove_spaces""], ""tolerance"": 0.01}",Base diagonal uses length and width only.,This is Pythagoras on the base rectangle.,[],gcse-style-original,true,true,4 by 3 base,5,adaptive_challenge_mode
pythagoras-pythagoras_missing_context-gcse_bridge,maths,8-9,pythagoras,pythagoras-missing-context,pythagoras_missing_context,geometry,gcse_bridge,short_text,A wire of length {c} m reaches from the top of a pole to a point {d} m from its base. Find the pole height.,"{""c"":[5,10,13,17],""d"":[3,6,5,8]}",sqrt(c^2-d^2),"{""normalise"": [""trim"", ""lowercase"", ""remove_spaces""], ""tolerance"": 0.01}",Wire is the hypotenuse.,Height² = wire² - ground distance².,[],gcse-style-original,true,true,"wire 13, distance 5",12 m,adaptive_challenge_mode
pythagoras-pythagoras_compare_routes-gcse_bridge,maths,8-9,pythagoras,pythagoras-compare-routes,pythagoras_compare_routes,geometry,gcse_bridge,short_text,Route A is {a} m then {b} m at right angles. Route B is the direct diagonal. How much shorter is route B to 1 dp?,"{""a"":[3,6,8],""b"":[4,8,15]}",a+b-sqrt(a^2+b^2),"{""normalise"": [""trim"", ""lowercase"", ""remove_spaces""], ""tolerance"": 0.01}",Find diagonal then compare.,Route A is two sides; Route B is hypotenuse.,[],gcse-style-original,true,true,3 and 4,2 m shorter,adaptive_challenge_mode
pythagoras-pythagoras_square_diagonal-could,maths,8-9,pythagoras,pythagoras-square-diagonal,pythagoras_square_diagonal,geometry,could,short_text,Find the diagonal of a square with side {s} cm to 1 decimal place.,"{""s"":[4,5,6,10]}",sqrt(2*s*s),"{""normalise"": [""trim"", ""lowercase"", ""remove_spaces""], ""tolerance"": 0.01}",Use Pythagoras with equal sides.,Diagonal² = s² + s².,[],gcse-style-original,false,true,side 5,7.1 cm,adaptive_challenge_mode
pythagoras-pythagoras_reverse_area-gcse_bridge,maths,8-9,pythagoras,pythagoras-reverse-area,pythagoras_reverse_area,geometry,gcse_bridge,short_text,A right triangle has hypotenuse {c} cm and one side {a} cm. Find its area.,"{""triples"":[[3,4,5],[5,12,13],[8,15,17]]}",a*b/2,"{""normalise"": [""trim"", ""lowercase"", ""remove_spaces""], ""tolerance"": 0.01}",Find missing side first.,Area = 1/2 × two perpendicular sides.,[],gcse-style-original,true,true,hyp 13 side 5,30 cm²,adaptive_challenge_mode
simultaneous-equations-elimination_same_coefficient-must,maths,8-9,simultaneous-equations,elimination-same-coefficient,elimination_same_coefficient,algebra,must,short_text,"Solve: x + y = {s}, x - y = {d}. Find x.","{""x"":[4,5,6,7],""y"":[1,2,3]}",x,"{""normalise"": [""trim"", ""lowercase"", ""remove_spaces""], ""tolerance"": 0.01}",Add the equations.,Adding eliminates y.,[],gcse-style-original,false,true,"x+y=8, x-y=2",x=5,adaptive_challenge_mode
simultaneous-equations-elimination_y_same-should,maths,8-9,simultaneous-equations,elimination-y-same,elimination_y_same,algebra,should,short_text,"Solve: {a}x + y = {s1}, {b}x + y = {s2}. Find x.","{""a"":[2,3,4],""b"":[5,6,7],""x"":[2,3,4],""y"":[1,2,3]}",x,"{""normalise"": [""trim"", ""lowercase"", ""remove_spaces""], ""tolerance"": 0.01}",Subtract the equations.,Same y coefficient means subtraction removes y.,[],gcse-style-original,false,true,"2x+y=7, 5x+y=16",x=3,adaptive_challenge_mode
simultaneous-equations-elimination_x_same-should,maths,8-9,simultaneous-equations,elimination-x-same,elimination_x_same,algebra,should,short_text,"Solve: x + {a}y = {s1}, x + {b}y = {s2}. Find y.","{""a"":[2,3,4],""b"":[5,6,7],""x"":[2,3,4],""y"":[1,2,3]}",y,"{""normalise"": [""trim"", ""lowercase"", ""remove_spaces""], ""tolerance"": 0.01}",Subtract to remove x.,Same x coefficient means subtraction removes x.,[],gcse-style-original,false,true,"x+2y=7, x+5y=16",y=3,adaptive_challenge_mode
simultaneous-equations-elimination_multiply_one-could,maths,8-9,simultaneous-equations,elimination-multiply-one,elimination_multiply_one,algebra,could,short_text,"Solve: x + y = {s}, {a}x + y = {t}. Find x.","{""a"":[2,3,4],""x"":[2,3,4],""y"":[1,2,3]}",x,"{""normalise"": [""trim"", ""lowercase"", ""remove_spaces""], ""tolerance"": 0.01}",Subtract the equations.,The y terms match already.,[],gcse-style-original,false,true,"x+y=5, 3x+y=11",x=3,adaptive_challenge_mode
simultaneous-equations-substitution_simple-could,maths,8-9,simultaneous-equations,substitution-simple,substitution_simple,algebra,could,short_text,"Solve: y = {m}x + {c}, x + y = {s}. Find x.","{""m"":[1,2,3],""c"":[1,2,3],""x"":[2,3,4]}",x,"{""normalise"": [""trim"", ""lowercase"", ""remove_spaces""], ""tolerance"": 0.01}",Substitute y into the second equation.,Replace y with the expression in x.,[],gcse-style-original,false,true,"y=2x+1, x+y=10",x=3,adaptive_challenge_mode
simultaneous-equations-negative_solution-could,maths,8-9,simultaneous-equations,negative-solution,negative_solution,algebra,could,short_text,"Solve: x + y = {s}, x - y = {d}. Find y.","{""x"":[1,2,3],""y"":[-3,-2,-1]}",y,"{""normalise"": [""trim"", ""lowercase"", ""remove_spaces""], ""tolerance"": 0.01}",Use both equations.,Subtract or add carefully with negatives.,[],gcse-style-original,false,true,"x+y=1, x-y=5",y=-2,adaptive_challenge_mode
simultaneous-equations-money_context-gcse_bridge,maths,8-9,simultaneous-equations,money-context,money_context,algebra,gcse_bridge,short_text,A pen and pencil cost £{s}. A pen costs £{d} more than a pencil. Find the cost of the pen.,"{""pencil"":[1,2,3],""diff"":[1,2,3]}",pen,"{""normalise"": [""trim"", ""lowercase"", ""remove_spaces""], ""tolerance"": 0.01}",Let p be pen and q be pencil.,Use p+q=total and p-q=difference.,[],gcse-style-original,true,true,"total £5, pen £1 more",£3,adaptive_challenge_mode
simultaneous-equations-ticket_context-gcse_bridge,maths,8-9,simultaneous-equations,ticket-context,ticket_context,algebra,gcse_bridge,short_text,2 adult tickets and 1 child ticket cost £{t1}. 1 adult and 1 child ticket cost £{t2}. Find the adult ticket price.,"{""adult"":[8,10,12],""child"":[4,5,6]}",adult,"{""normalise"": [""trim"", ""lowercase"", ""remove_spaces""], ""tolerance"": 0.01}",Subtract the equations.,The difference gives one adult ticket.,[],gcse-style-original,true,true,"2A+C=24, A+C=14",£10,adaptive_challenge_mode
simultaneous-equations-geometry_context-gcse_bridge,maths,8-9,simultaneous-equations,geometry-context,geometry_context,algebra,gcse_bridge,short_text,Two angles add to {s}°. One is {d}° larger than the other. Find the larger angle.,"{""small"":[30,40,50],""diff"":[10,20,30]}",large,"{""normalise"": [""trim"", ""lowercase"", ""remove_spaces""], ""tolerance"": 0.01}",Use sum and difference.,This is simultaneous reasoning.,[],gcse-style-original,true,true,"sum 100, difference 20",60°,adaptive_challenge_mode
simultaneous-equations-compare_plans-gcse_bridge,maths,8-9,simultaneous-equations,compare-plans,compare_plans,algebra,gcse_bridge,short_text,Plan A costs £{fixedA}+£{rateA} per lesson. Plan B costs £{fixedB}+£{rateB} per lesson. After how many lessons are costs equal?,"{""fixedA"":[10,20],""rateA"":[4,5],""x"":[5,10],""rateB"":[2,3]}",x,"{""normalise"": [""trim"", ""lowercase"", ""remove_spaces""], ""tolerance"": 0.01}",Set the costs equal.,Solve fixedA + rateA x = fixedB + rateB x.,[],gcse-style-original,true,true,20+5x and 40+3x,10 lessons,adaptive_challenge_mode
simultaneous-equations-fraction_solution-gcse_bridge,maths,8-9,simultaneous-equations,fraction-solution,fraction_solution,algebra,gcse_bridge,short_text,"Solve: {a}x + y = {s1}, {b}x + {c}y = {s2}. Find x.","{""a"":[1,2],""b"":[3,4],""c"":[2,3],""x"":[1,2,3],""y"":[2,4]}",x,"{""normalise"": [""trim"", ""lowercase"", ""remove_spaces""], ""tolerance"": 0.01}",Eliminate one variable.,You may need to multiply an equation first.,[],gcse-style-original,true,true,"x+y=5, 3x+2y=12",x=2,adaptive_challenge_mode
simultaneous-equations-graph_intersection-gcse_bridge,maths,8-9,simultaneous-equations,graph-intersection,graph_intersection,algebra,gcse_bridge,short_text,The lines y = {m1}x + {c1} and y = {m2}x + {c2} intersect. Find x.,"{""m1"":[1,2,3],""m2"":[-1,0,1],""x"":[2,3,4],""c1"":[1,2]}",x,"{""normalise"": [""trim"", ""lowercase"", ""remove_spaces""], ""tolerance"": 0.01}","At intersection, y values are equal.",Set the two expressions equal and solve.,[],gcse-style-original,true,true,y=2x+1 and y=x+4,x=3,adaptive_challenge_mode
simultaneous-equations-both_sides_context-should,maths,8-9,simultaneous-equations,both-sides-context,both_sides_context,algebra,should,short_text,"Solve the pair: {a}x = {b}, y = x + {c}. Find y.","{""a"":[2,3,4],""x"":[2,3,5],""c"":[1,2,4]}",x+c,"{""normalise"": [""trim"", ""lowercase"", ""remove_spaces""], ""tolerance"": 0.01}","Find x first, then y.",This uses substitution after solving x.,[],gcse-style-original,false,true,"3x=12, y=x+2",6,adaptive_challenge_mode
simultaneous-equations-mixed_algebra_problem-gcse_bridge,maths,8-9,simultaneous-equations,mixed-algebra-problem,mixed_algebra_problem,algebra,gcse_bridge,short_text,"A number x and number y add to {s}. Also, 2x + y = {t}. Find x.","{""x"":[2,3,4,5],""y"":[4,5,6]}",x,"{""normalise"": [""trim"", ""lowercase"", ""remove_spaces""], ""tolerance"": 0.01}",Subtract the first equation from the second.,2x+y minus x+y leaves x.,[],gcse-style-original,true,true,"x+y=9, 2x+y=13",4,adaptive_challenge_mode
simultaneous-equations-higher_bridge-gcse_bridge,maths,8-9,simultaneous-equations,higher-bridge,higher_bridge,algebra,gcse_bridge,short_text,"Solve: {a}x + {b}y = {s1}, {c}x - {d}y = {s2}. Find x.","{""a"":[2,3],""b"":[2,3],""c"":[3,4],""d"":[1,2],""x"":[2,3],""y"":[1,2]}",x,"{""normalise"": [""trim"", ""lowercase"", ""remove_spaces""], ""tolerance"": 0.01}",Eliminate y by matching coefficients.,"Multiply equations if needed, then add or subtract.",[],gcse-style-original,true,true,"2x+3y=12, 4x-3y=6",x=3,adaptive_challenge_mode
algebra-basics-form_expression_cost-must,maths,8-9,algebra-basics,form-expression-cost,form_expression_cost,algebra,must,short_text,Bananas cost {b_cost}p each and apples cost {a_cost}p each. Write an expression for b bananas and a apples.,"{""b_cost"":[20,25,30],""a_cost"":[30,35,40]}",`${b_cost}b + ${a_cost}a`,"{""normalise"": [""trim"", ""lowercase"", ""remove_spaces""], ""tolerance"": 0.01}",Cost per item times number of items.,Total cost = banana cost + apple cost.,[],gcse-style-original,false,true,"25p bananas, 35p apples",25b + 35a,adaptive_challenge_mode
algebra-basics-simplify_like_terms-must,maths,8-9,algebra-basics,simplify-like-terms,simplify_like_terms,algebra,must,short_text,Simplify: {a}x + {b}x.,"{""a"":[2,3,4,5],""b"":[1,2,3,6]}",(a+b)x,"{""normalise"": [""trim"", ""lowercase"", ""remove_spaces""], ""tolerance"": 0.01}",Collect like terms.,"Add the coefficients, keep x.",[],gcse-style-original,false,true,3x+5x,8x,adaptive_challenge_mode
algebra-basics-simplify_constants_terms-should,maths,8-9,algebra-basics,simplify-constants-terms,simplify_constants_terms,algebra,should,short_text,Simplify: {a}x + {c} + {b}x + {d}.,"{""a"":[2,3,4],""b"":[1,2,5],""c"":[2,3,7],""d"":[1,4,8]}",`${a+b}x + ${c+d}`,"{""normalise"": [""trim"", ""lowercase"", ""remove_spaces""], ""tolerance"": 0.01}",Collect x terms and constants separately.,Like terms have the same letter part.,[],gcse-style-original,false,true,3x+2+x+7,4x+9,adaptive_challenge_mode
algebra-basics-simplify_two_variables-should,maths,8-9,algebra-basics,simplify-two-variables,simplify_two_variables,algebra,should,short_text,Simplify: {a}x + {b}y + {c}x + {d}y.,"{""a"":[2,3,4],""b"":[1,2,5],""c"":[1,2,3],""d"":[2,3,4]}",`${a+c}x + ${b+d}y`,"{""normalise"": [""trim"", ""lowercase"", ""remove_spaces""], ""tolerance"": 0.01}",Group x terms and y terms.,Only like terms combine.,[],gcse-style-original,false,true,2x+3y+4x+5y,6x+8y,adaptive_challenge_mode
algebra-basics-substitute_single-must,maths,8-9,algebra-basics,substitute-single,substitute_single,algebra,must,short_text,Find {m}a + {c} when a = {a}.,"{""m"":[2,3,4,5],""c"":[1,2,3,5],""a"":[2,3,4,5]}",m*a+c,"{""normalise"": [""trim"", ""lowercase"", ""remove_spaces""], ""tolerance"": 0.01}",Replace a with its value.,Substitution means putting the number in place of the letter.,[],gcse-style-original,false,true,3a+2 when a=4,14,adaptive_challenge_mode
algebra-basics-substitute_negative-should,maths,8-9,algebra-basics,substitute-negative,substitute_negative,algebra,should,short_text,Find {m}a + {c} when a = {a}.,"{""m"":[2,3,4],""c"":[-5,-3,2],""a"":[-4,-3,-2]}",m*a+c,"{""normalise"": [""trim"", ""lowercase"", ""remove_spaces""], ""tolerance"": 0.01}",Be careful with negative numbers.,"Replace a first, then calculate.",[],gcse-style-original,false,true,3a+2 when a=-4,-10,adaptive_challenge_mode
algebra-basics-expand_single_bracket-should,maths,8-9,algebra-basics,expand-single-bracket,expand_single_bracket,algebra,should,short_text,Expand: {m}(x + {a}).,"{""m"":[2,3,4,5],""a"":[2,3,4,5]}",`${m}x + ${m*a}`,"{""normalise"": [""trim"", ""lowercase"", ""remove_spaces""], ""tolerance"": 0.01}",Multiply both terms inside the bracket.,Every term inside the bracket is multiplied by {m}.,"[""expanded_only_first_term"", ""sign_error""]",gcse-style-original,false,true,3(x+4),3x+12,adaptive_challenge_mode
algebra-basics-expand_negative_bracket-could,maths,8-9,algebra-basics,expand-negative-bracket,expand_negative_bracket,algebra,could,short_text,Expand: -{m}(x + {a}).,"{""m"":[2,3,4],""a"":[2,3,5]}",`-${m}x - ${m*a}`,"{""normalise"": [""trim"", ""lowercase"", ""remove_spaces""], ""tolerance"": 0.01}",Multiply both terms by the negative number.,The negative changes both signs.,"[""expanded_only_first_term"", ""sign_error""]",gcse-style-original,false,true,-2(x+5),-2x-10,adaptive_challenge_mode
algebra-basics-expand_and_simplify-could,maths,8-9,algebra-basics,expand-and-simplify,expand_and_simplify,algebra,could,short_text,Expand and simplify: {a}(x + {b}) + {c}(x + {d}).,"{""a"":[2,3,4],""b"":[2,3,5],""c"":[1,2,3],""d"":[1,4,6]}",`${a+c}x + ${a*b+c*d}`,"{""normalise"": [""trim"", ""lowercase"", ""remove_spaces""], ""tolerance"": 0.01}",Expand both brackets first.,Then collect like terms.,"[""expanded_only_first_term"", ""sign_error""]",gcse-style-original,false,true,2(x+5)+3(x+1),5x+13,adaptive_challenge_mode
algebra-basics-solve_one_step-must,maths,8-9,algebra-basics,solve-one-step,solve_one_step,algebra,must,short_text,Solve: x + {a} = {b}.,"{""a"":[2,3,4,5,8],""x"":[3,4,5,6,7]}",x,"{""normalise"": [""trim"", ""lowercase"", ""remove_spaces""], ""tolerance"": 0.01}",Undo addition.,Subtract {a} from both sides.,"[""forgot_inverse_operation"", ""sign_error""]",gcse-style-original,false,true,x+2=10,8,adaptive_challenge_mode
algebra-basics-solve_multiply-must,maths,8-9,algebra-basics,solve-multiply,solve_multiply,algebra,must,short_text,Solve: {m}x = {b}.,"{""m"":[2,3,4,5,6],""x"":[2,3,4,5]}",x,"{""normalise"": [""trim"", ""lowercase"", ""remove_spaces""], ""tolerance"": 0.01}",Undo multiplication by dividing.,Divide both sides by {m}.,"[""forgot_inverse_operation"", ""sign_error""]",gcse-style-original,false,true,4x=16,4,adaptive_challenge_mode
algebra-basics-solve_two_step-should,maths,8-9,algebra-basics,solve-two-step,solve_two_step,algebra,should,short_text,Solve: {m}x + {a} = {b}.,"{""m"":[2,3,4,5],""a"":[1,3,5],""x"":[2,3,4,5]}",x,"{""normalise"": [""trim"", ""lowercase"", ""remove_spaces""], ""tolerance"": 0.01}","Undo + first, then divide.",Use inverse operations in reverse order.,"[""forgot_inverse_operation"", ""sign_error""]",gcse-style-original,false,true,3x+2=17,5,adaptive_challenge_mode
algebra-basics-solve_both_sides-could,maths,8-9,algebra-basics,solve-both-sides,solve_both_sides,algebra,could,short_text,Solve: {a}x + {b} = {c}x + {d}.,"{""a"":[5,6,7],""c"":[2,3,4],""x"":[2,3,4],""b"":[1,5],""d"":""a*x+b-c*x""}",x,"{""normalise"": [""trim"", ""lowercase"", ""remove_spaces""], ""tolerance"": 0.01}",Collect x terms on one side.,Subtract the smaller x term from both sides first.,"[""forgot_inverse_operation"", ""sign_error""]",gcse-style-original,false,true,5x+12=3x+20,4,adaptive_challenge_mode
algebra-basics-factorise_common-could,maths,8-9,algebra-basics,factorise-common,factorise_common,algebra,could,short_text,Factorise fully: {a}x + {b}.,"{""pairs"":[[10,8],[15,25],[12,20],[18,30]]}",common factor form,"{""normalise"": [""trim"", ""lowercase"", ""remove_spaces""], ""tolerance"": 0.01}",Find the highest common factor.,Take the largest common factor outside the bracket.,[],gcse-style-original,false,true,10x+8,2(5x+4),adaptive_challenge_mode
algebra-basics-factorise_quadratic_simple-gcse_bridge,maths,8-9,algebra-basics,factorise-quadratic-simple,factorise_quadratic_simple,algebra,gcse_bridge,short_text,Factorise: x² + {sum}x + {prod}.,"{""pairs"":[[2,3],[4,5],[1,6],[3,7]]}",`(x + ${r1})(x + ${r2})`,"{""normalise"": [""trim"", ""lowercase"", ""remove_spaces""], ""tolerance"": 0.01}",Find two numbers that add and multiply correctly.,The two bracket numbers add to the x coefficient and multiply to the constant.,[],gcse-style-original,true,true,x²+7x+12,(x+3)(x+4),adaptive_challenge_mode
